#,Directive number,Title,Date,Page on gov.il,File name in zip,File title,File URL,Note
1,EX-023-01,נוהל להגשת בקשה לשינוי בתכשיר וטרינרי מהיבט האיכות,2026-07-20T21:00:00Z,https://www.gov.il/he/departments/policies/ex-023,files_circulars_iscp-ex_EX-023-01.pdf,נוהל להגשת בקשה לשינוי בתכשיר וטרינרי מהיבט האיכות,https://www.gov.il/BlobFolder/policy/ex-023/he/files_circulars_iscp-ex_EX-023-01.pdf,
1,EX-023-01,נוהל להגשת בקשה לשינוי בתכשיר וטרינרי מהיבט האיכות,2026-07-20T21:00:00Z,https://www.gov.il/he/departments/policies/ex-023,files_circulars_iscp-ex_Form-1-EX-023-01.docx,רשימת שינויים בתכשירים ווטרינריים להגשה למכון לביקורת ותקנים ולמחלקת רישום,https://www.gov.il/BlobFolder/policy/ex-023/he/files_circulars_iscp-ex_Form-1-EX-023-01.docx,
1,EX-023-01,נוהל להגשת בקשה לשינוי בתכשיר וטרינרי מהיבט האיכות,2026-07-20T21:00:00Z,https://www.gov.il/he/departments/policies/ex-023,files_circulars_iscp-ex_Form-02-EX-009.docx,,https://www.gov.il/BlobFolder/policy/ex-009/he/files_circulars_iscp-ex_Form-02-EX-009.docx,source: body
1,EX-023-01,נוהל להגשת בקשה לשינוי בתכשיר וטרינרי מהיבט האיכות,2026-07-20T21:00:00Z,https://www.gov.il/he/departments/policies/ex-023,files_circulars_iscp-ex_Form-03-EX-009.docx,,https://www.gov.il/BlobFolder/policy/ex-009/he/files_circulars_iscp-ex_Form-03-EX-009.docx,source: body
1,EX-023-01,נוהל להגשת בקשה לשינוי בתכשיר וטרינרי מהיבט האיכות,2026-07-20T21:00:00Z,https://www.gov.il/he/departments/policies/ex-023,files_circulars_iscp-ex_Form-03-EX-009-en.docx,,https://www.gov.il/BlobFolder/policy/ex-009/he/files_circulars_iscp-ex_Form-03-EX-009-en.docx,source: body
1,EX-023-01,נוהל להגשת בקשה לשינוי בתכשיר וטרינרי מהיבט האיכות,2026-07-20T21:00:00Z,https://www.gov.il/he/departments/policies/ex-023,files_circulars_iscp-ex_EX-009-ria.pdf,,https://www.gov.il/BlobFolder/policy/ex-009/he/files_circulars_iscp-ex_EX-009-ria.pdf,source: body
2,EX-009,נוהל להגשת בקשה לשינוי בתכשיר הומני מהיבט האיכות,2026-07-20T21:00:00Z,https://www.gov.il/he/Departments/policies/ex-009,files_circulars_iscp-ex_EX-009.pdf,נוהל להגשת בקשה לשינוי בתכשיר הומני מהיבט האיכות,https://www.gov.il/BlobFolder/policy/ex-009/he/files_circulars_iscp-ex_EX-009.pdf,
2,EX-009,נוהל להגשת בקשה לשינוי בתכשיר הומני מהיבט האיכות,2026-07-20T21:00:00Z,https://www.gov.il/he/Departments/policies/ex-009,files_circulars_iscp-ex_Form-01-EX-009.docx,רשימת שינויים בתכשירים הומניים להגשה למכון לביקורת ותקינה ולמחלקת רישום,https://www.gov.il/BlobFolder/policy/ex-009/he/files_circulars_iscp-ex_Form-01-EX-009.docx,
2,EX-009,נוהל להגשת בקשה לשינוי בתכשיר הומני מהיבט האיכות,2026-07-20T21:00:00Z,https://www.gov.il/he/Departments/policies/ex-009,files_circulars_iscp-ex_Form-02-EX-009.docx,רשימת תיוג להגשת בקשה,https://www.gov.il/BlobFolder/policy/ex-009/he/files_circulars_iscp-ex_Form-02-EX-009.docx,
2,EX-009,נוהל להגשת בקשה לשינוי בתכשיר הומני מהיבט האיכות,2026-07-20T21:00:00Z,https://www.gov.il/he/Departments/policies/ex-009,files_circulars_iscp-ex_Form-03-EX-009.docx,בקשה לשינוי ברישום תכשיר מהיבט האיכות,https://www.gov.il/BlobFolder/policy/ex-009/he/files_circulars_iscp-ex_Form-03-EX-009.docx,
2,EX-009,נוהל להגשת בקשה לשינוי בתכשיר הומני מהיבט האיכות,2026-07-20T21:00:00Z,https://www.gov.il/he/Departments/policies/ex-009,files_circulars_iscp-ex_Form-03-EX-009-en.docx,APPLICATION FOR A VARIATION TO THE TERMS OF REGISTRATION OF A MEDICINAL PRODUCT REGARDING ITS' QUALITY,https://www.gov.il/BlobFolder/policy/ex-009/he/files_circulars_iscp-ex_Form-03-EX-009-en.docx,
2,EX-009,נוהל להגשת בקשה לשינוי בתכשיר הומני מהיבט האיכות,2026-07-20T21:00:00Z,https://www.gov.il/he/Departments/policies/ex-009,files_circulars_iscp-ex_EX-009-ria.pdf,דוח הערכה להשפעת רגולציה,https://www.gov.il/BlobFolder/policy/ex-009/he/files_circulars_iscp-ex_EX-009-ria.pdf,
3,iscp-26032026,דרישות קיימות לפעילות מילוי גזים רפואיים,2026-04-13T21:00:00Z,https://www.gov.il/he/pages/iscp-26032026,files_circulars_iscp-ex_iscp-26032026.pdf,דרישות קיימות לפעילות מילוי גזים רפואיים,https://www.gov.il/BlobFolder/policy/iscp-26032026/he/files_circulars_iscp-ex_iscp-26032026.pdf,
4,,"רשימת נהלי האיכות של ארגון ה- ICH , VICH ושל סוכנות התרופות האירופאית European Medicine Agency (EMA) המאומצים ע""י המכון לביקורת",2026-03-24T22:00:00Z,https://www.gov.il/he/Departments/policies/iscp-04032024,files_circulars_iscp-ex_ISCP_04032024.pdf,"מסמכי איכות עדכניים לשנת 2026 של ארגון ICH, VICH ושל סוכנות התרופות האירופאית (EMA) המאומצים ע""י המכון לביקורת ותקינה של חומרי ר",https://www.gov.il/BlobFolder/policy/iscp-04032024/he/files_circulars_iscp-ex_ISCP_04032024.pdf,
5,,רשימת בתי מסחר מאושרים לגזים רפואיים,2026-03-23T22:00:00Z,https://www.gov.il/he/pages/medical-gaz-suppliers-list,files_regulation_drugs_medical-gaz-suppliers-list.pdf,רשימת בתי מסחר מאושרים לגזים רפואיים,https://www.gov.il/BlobFolder/policy/medical-gaz-suppliers-list/he/files_regulation_drugs_medical-gaz-suppliers-list.pdf,
6,109086826,הסדרת בתי מסחר לתרופות - גזים רפואיים אחסון והפצה בלבד,2026-02-23T22:00:00Z,https://www.gov.il/he/pages/109086826-pdfua,files_regulation_drugs_109086826-PDFUA.pdf,הסדרת בתי מסחר לתרופות - גזים רפואיים אחסון והפצה בלבד,https://www.gov.il/BlobFolder/policy/109086826-pdfua/he/files_regulation_drugs_109086826-PDFUA.pdf,
7,100329926,שימוש בגזים רפואיים - חוזר מעודכן,2026-02-17T22:00:00Z,https://www.gov.il/he/pages/100329926-pdfua,files_regulation_drugs_100329926-PDFUA.pdf,שימוש בגזים רפואיים - חוזר מעודכן,https://www.gov.il/BlobFolder/policy/100329926-pdfua/he/files_regulation_drugs_100329926-PDFUA.pdf,
8,2171682,תאריכי וועדות מייעצות לשנת 2026,2026-01-12T22:00:00Z,https://www.gov.il/he/pages/reg-2171682,files_regulation_drugs_reg-21716826.pdf,תאריכי וועדות מייעצות לשנת 2026,https://www.gov.il/BlobFolder/policy/reg-2171682/he/files_regulation_drugs_reg-21716826.pdf,
9,ISCP_01022021,"מפעלים פרמצבטיים, יבואנים, בתי מסחר ומעבדות שירות מפוקחים בישראל/חו""ל GMP GDP status of inspected sites",2025-12-30T22:00:00Z,https://www.gov.il/he/Departments/policies/iscp-04092022,files_circulars_iscp-ex_ISCP_04092022.pdf,"מפעלים פרמצבטיים, יבואנים, בתי מסחר ומעבדות שירות מפוקחים בישראל/חו""ל  GMP GDP status of inspected sites",https://www.gov.il/BlobFolder/policy/iscp-04092022/he/files_circulars_iscp-ex_ISCP_04092022.pdf,
10,EX-005,נוהל להגשת בקשה לתעודת איכות לצורך חידוש רישום של תכשיר רפואי,2025-12-06T22:00:00Z,https://www.gov.il/he/Departments/policies/ex-005,files_circulars_iscp-ex_EX-005.pdf,נוהל להגשת בקשה לתעודת איכות לצורך חידוש רישום של תכשיר רפואי,https://www.gov.il/BlobFolder/policy/ex-005/he/files_circulars_iscp-ex_EX-005.pdf,
10,EX-005,נוהל להגשת בקשה לתעודת איכות לצורך חידוש רישום של תכשיר רפואי,2025-12-06T22:00:00Z,https://www.gov.il/he/Departments/policies/ex-005,files_circulars_iscp-ex_EX-005-RIA.pdf,"דוח השפעת רגולציה (RIA)- עדכון לנוהל 005-EX - ""נוהל להגשת בקשה לתעודת איכות לצורך חידוש רישום של תכשיר""",https://www.gov.il/BlobFolder/policy/ex-005/he/files_circulars_iscp-ex_EX-005-RIA.pdf,
10,EX-005,נוהל להגשת בקשה לתעודת איכות לצורך חידוש רישום של תכשיר רפואי,2025-12-06T22:00:00Z,https://www.gov.il/he/Departments/policies/ex-005,files_circulars_iscp-ex_Form-1-EX-005.docx,רשימת תיוג להגשת בקשה לחידוש רישום ליחידה לתכשירים ביולוגיים,https://www.gov.il/BlobFolder/policy/ex-005/he/files_circulars_iscp-ex_Form-1-EX-005.docx,
10,EX-005,נוהל להגשת בקשה לתעודת איכות לצורך חידוש רישום של תכשיר רפואי,2025-12-06T22:00:00Z,https://www.gov.il/he/Departments/policies/ex-005,files_circulars_iscp-ex_Form-2-EX-005.docx,רשימת תיוג להגשת בקשה לחידוש רישום ליחידה לתכשירים כימיים,https://www.gov.il/BlobFolder/policy/ex-005/he/files_circulars_iscp-ex_Form-2-EX-005.docx,
10,EX-005,נוהל להגשת בקשה לתעודת איכות לצורך חידוש רישום של תכשיר רפואי,2025-12-06T22:00:00Z,https://www.gov.il/he/Departments/policies/ex-005,files_circulars_iscp-ex_Form-3-EX-005.docx,פרטים מבוקשים על תכשיר,https://www.gov.il/BlobFolder/policy/ex-005/he/files_circulars_iscp-ex_Form-3-EX-005.docx,
10,EX-005,נוהל להגשת בקשה לתעודת איכות לצורך חידוש רישום של תכשיר רפואי,2025-12-06T22:00:00Z,https://www.gov.il/he/Departments/policies/ex-005,files_circulars_iscp-ex_Form-4-EX-005.docx,פרטים מבוקשים על ממס מוהל,https://www.gov.il/BlobFolder/policy/ex-005/he/files_circulars_iscp-ex_Form-4-EX-005.docx,
10,EX-005,נוהל להגשת בקשה לתעודת איכות לצורך חידוש רישום של תכשיר רפואי,2025-12-06T22:00:00Z,https://www.gov.il/he/Departments/policies/ex-005,files_circulars_iscp-ex_Form-5-EX-005.docx,רשימת שינויים כרונולוגית עבור בקשה לחידוש רישום,https://www.gov.il/BlobFolder/policy/ex-005/he/files_circulars_iscp-ex_Form-5-EX-005.docx,
10,EX-005,נוהל להגשת בקשה לתעודת איכות לצורך חידוש רישום של תכשיר רפואי,2025-12-06T22:00:00Z,https://www.gov.il/he/Departments/policies/ex-005,files_circulars_iscp-ex_Form-6-EX-005.docx,סטטוס וולידציות ומידע אודות התכשיר עבור בקשה לחידוש רישום ליחידה לתכשירים כימיים,https://www.gov.il/BlobFolder/policy/ex-005/he/files_circulars_iscp-ex_Form-6-EX-005.docx,
10,EX-005,נוהל להגשת בקשה לתעודת איכות לצורך חידוש רישום של תכשיר רפואי,2025-12-06T22:00:00Z,https://www.gov.il/he/Departments/policies/ex-005,files_circulars_iscp-ex_Form-7-EX-005.docx,טופס מלווה להגשת בקשות לחידוש רישום-מעבדה כימית,https://www.gov.il/BlobFolder/policy/ex-005/he/files_circulars_iscp-ex_Form-7-EX-005.docx,
11,395492825,תאריכי הגשת תיקים לרישום תכשירים ושינויי התוויה/משטר מינון לשנת 2026,2025-10-26T22:00:00Z,https://www.gov.il/he/pages/reg-395492825,files_regulation_drugs_reg-395492825.pdf,תאריכי הגשת תיקים לרישום תכשירים ושינויי התוויה/משטר מינון לשנת 2026,https://www.gov.il/BlobFolder/policy/reg-395492825/he/files_regulation_drugs_reg-395492825.pdf,
12,86,קביעת תיעדוף ברישום תכשירים רפואיים,2025-03-31T21:00:00Z,https://www.gov.il/he/Departments/policies/dr-86,files_circulars_dr_DR_86.pdf,קביעת תיעדוף ברישום תכשירים רפואיים,https://www.gov.il/BlobFolder/policy/dr-86/he/files_circulars_dr_DR_86.pdf,
13,246187824,מתווה פיילוט לרישום תכשירים 2025-2026,2025-03-24T22:00:00Z,https://www.gov.il/he/pages/dr-246187824,files_circulars_dr_DR-24618782.pdf,מתווה פיילוט לרישום תכשירים 2025-2026,https://www.gov.il/BlobFolder/policy/dr-246187824/he/files_circulars_dr_DR-24618782.pdf,
13,246187824,מתווה פיילוט לרישום תכשירים 2025-2026,2025-03-24T22:00:00Z,https://www.gov.il/he/pages/dr-246187824,files_circulars_dr_DR-24618782_DR-24618782-new-Medicinal-Product-supplemental-information-form.docx,New Medicinal Product supplemental information form,https://www.gov.il/BlobFolder/policy/dr-246187824/he/files_circulars_dr_DR-24618782_DR-24618782-new-Medicinal-Product-supplemental-information-form.docx,
13,246187824,מתווה פיילוט לרישום תכשירים 2025-2026,2025-03-24T22:00:00Z,https://www.gov.il/he/pages/dr-246187824,files_circulars_dr_DR-24618782_DR-24618782-Eligibility-checker.xlsx,Eligibility checker,https://www.gov.il/BlobFolder/policy/dr-246187824/he/files_circulars_dr_DR-24618782_DR-24618782-Eligibility-checker.xlsx,
13,246187824,מתווה פיילוט לרישום תכשירים 2025-2026,2025-03-24T22:00:00Z,https://www.gov.il/he/pages/dr-246187824,files_circulars_dr_DR-24618782_DR-24618782-n1.docx,נספח 1 עדכני - מידע  אודות תכשיר חדש המוגש לרישום בישראל,https://www.gov.il/BlobFolder/policy/dr-246187824/he/files_circulars_dr_DR-24618782_DR-24618782-n1.docx,
13,246187824,מתווה פיילוט לרישום תכשירים 2025-2026,2025-03-24T22:00:00Z,https://www.gov.il/he/pages/dr-246187824,files_circulars_dr_DR-24618782_DR-24618782-Refinement-guidelines-submitting-application-registration.pdf,חידוד הנחיות להגשת בקשה לרישום במתווה מסלולי הרישום החדשים - המחלקה לרישום תכשירים,https://www.gov.il/BlobFolder/policy/dr-246187824/he/files_circulars_dr_DR-24618782_DR-24618782-Refinement-guidelines-submitting-application-registration.pdf,
13,246187824,מתווה פיילוט לרישום תכשירים 2025-2026,2025-03-24T22:00:00Z,https://www.gov.il/he/pages/dr-246187824,files_circulars_dr_DR-24618782_DR-24618782-Guidelines-new-registration-outline.pdf,הנחיות למתווה רישום חדש- המכון לביקורת ותקינה של חומרי רפואה,https://www.gov.il/BlobFolder/policy/dr-246187824/he/files_circulars_dr_DR-24618782_DR-24618782-Guidelines-new-registration-outline.pdf,
13,246187824,מתווה פיילוט לרישום תכשירים 2025-2026,2025-03-24T22:00:00Z,https://www.gov.il/he/pages/dr-246187824,files_circulars_dr_DR-24618782_DR-24618782-new-Medicinal-Product-supplemental-information-form (2).docx,,http://www.gov.il/BlobFolder/policy/dr-246187824/he/files_circulars_dr_DR-24618782_DR-24618782-new-Medicinal-Product-supplemental-information-form.docx,source: body
14,EX-010,נוהל להגשת השגה על החלטת המנהל בנושא תנאי ייצור נאותים,2024-12-21T22:00:00Z,https://www.gov.il/he/pages/ex-010,files_circulars_iscp-ex_ex-010.pdf,נוהל להגשת השגה על החלטת המנהל בנושא תנאי ייצור נאותים,https://www.gov.il/BlobFolder/policy/ex-010/he/files_circulars_iscp-ex_ex-010.pdf,
15,716699924,תאריכי וועדות מייעצות לשנת 2025,2024-12-11T22:00:00Z,https://www.gov.il/he/pages/reg-716699924,files_regulation_drugs_reg-716699924.pdf,תאריכי וועדות מייעצות לשנת 2025,https://www.gov.il/BlobFolder/policy/reg-716699924/he/files_regulation_drugs_reg-716699924.pdf,
16,reg-634524024,תאריכי הגשת תיקים לרישום תכשירים ושינויי התוויה/משטר מינון לשנת 2025,2024-10-13T21:00:00Z,https://www.gov.il/he/pages/reg-634524024,files_regulation_drugs_reg-634524024.pdf,תאריכי הגשת תיקים לרישום תכשירים ושינויי התוויה/משטר מינון לשנת 2025,https://www.gov.il/BlobFolder/policy/reg-634524024/he/files_regulation_drugs_reg-634524024.pdf,
17,May-24,מתן טיפול בתכשיר (Esketamine (®SPRAVATO,2024-05-06T21:00:00Z,https://www.gov.il/he/pages/mr05-2024,files_circulars_mr_mr05_2024.pdf,מתן טיפול בתכשיר (Esketamine (®SPRAVATO,https://www.gov.il/BlobFolder/policy/mr05-2024/he/files_circulars_mr_mr05_2024.pdf,
18,,עדכון בנוגע לקבלת שליחים ומענה טלפוני - המחלקה לרישום תכשירים,2024-02-28T22:00:00Z,https://www.gov.il/he/Departments/policies/reg-29022024,files_regulation_drugs_reg-29022024.pdf,רשימת צוות המחלקה לרישום כולל טלפונים קווים וכתובות מייל,https://www.gov.il/BlobFolder/policy/reg-29022024/he/files_regulation_drugs_reg-29022024.pdf,
19,,תאריכי וועדות מייעצות לשנת 2024,2024-01-27T22:00:00Z,https://www.gov.il/he/Departments/policies/reg-30507324,files_regulation_drugs_reg-30507324.pdf,תאריכי וועדות מייעצות לשנת 2024,https://www.gov.il/BlobFolder/policy/reg-30507324/he/files_regulation_drugs_reg-30507324.pdf,also listed as site entries #23
20,,Checklist for Submission of New Medicinal Product Application,2024-01-27T22:00:00Z,https://www.gov.il/he/Departments/policies/checklist-submission-new-medicinal-product-application,files_regulation_drugs_Checklist-for-Application-of-New-Biosimilar-Medicinal-Product.pdf,Checklist for Submission of New Medicinal Product Application,https://www.gov.il/BlobFolder/policy/checklist-submission-new-medicinal-product-application/he/files_regulation_drugs_Checklist-for-Application-of-New-Biosimilar-Medicinal-Product.pdf,also listed as site entries #22
21,,Checklist for Application of New Biosimilar Medicinal Product,2024-01-27T22:00:00Z,https://www.gov.il/he/Departments/policies/checklist-for-application-of-new-biosimilar-medicinal-product,files_regulation_drugs_Checklist-for-Application-of-New-Biosimilar-Medicinal-Product.pdf,Checklist for Application of New Biosimilar Medicinal Product,https://www.gov.il/BlobFolder/policy/checklist-for-application-of-new-biosimilar-medicinal-product/he/files_regulation_drugs_Checklist-for-Application-of-New-Biosimilar-Medicinal-Product.pdf,
24,reg-00651123,המשך הקלות לתקופת הקורונה בעבודה מול המחלקה לרישום תכשירים לשנת 2024,2023-12-31T22:00:00Z,https://www.gov.il/he/Departments/policies/reg-00651123,files_regulation_drugs_reg_00651123.pdf,המשך הקלות לתקופת הקורונה בעבודה מול המחלקה לרישום תכשירים לשנת 2024,https://www.gov.il/BlobFolder/policy/reg-00651123/he/files_regulation_drugs_reg_00651123.pdf,
25,reg-14947822,"הארכה וחידוד הנחיות של הוראת שעה בנושא: מסלול הודעה (נוטיפיקציה) לעלונים חדשים, עדכון עלונים והחמרות בעלונים של תכשירים הומניים",2023-12-30T22:00:00Z,https://www.gov.il/he/Departments/policies/reg-14947822,files_regulation_drugs_reg_14947822.pdf,"הארכה וחידוד הנחיות של הוראת שעה בנושא: מסלול הודעה (נוטיפיקציה) לעלונים חדשים, עדכון עלונים והחמרות בעלונים של תכשירים הומניים",https://www.gov.il/BlobFolder/policy/reg-14947822/he/files_regulation_drugs_reg_14947822.pdf,
26,,עקרונות לשמירה על רצף טיפול תרופתי בעת הפסקות חשמל בשעת חירום - מלחמת חרבות ברזל,2023-12-09T22:00:00Z,https://www.gov.il/he/Departments/publications/reports/dr-562034323,files_publications_units_pharmaceutical_division_dr-562034323.pdf,עקרונות לשמירה על רצף טיפול תרופתי בעת הפסקות חשמל בשעת חירום - מלחמת חרבות ברזל,https://www.gov.il/BlobFolder/reports/dr-562034323/he/files_publications_units_pharmaceutical_division_dr-562034323.pdf,
27,540852523,נוהל המחלקה לייבוא פרמצבטיקה לקבלת תרומות של תרופות במסגרת מלחמת חרבות ברזל,2023-11-14T22:00:00Z,https://www.gov.il/he/Departments/policies/dr-540852523,files_regulation_drugs_dr-540852523.pdf,הנחיות לקבלת תרומה המכילה תרופות,https://www.gov.il/BlobFolder/policy/dr-540852523/he/files_regulation_drugs_dr-540852523.pdf,
27,540852523,נוהל המחלקה לייבוא פרמצבטיקה לקבלת תרומות של תרופות במסגרת מלחמת חרבות ברזל,2023-11-14T22:00:00Z,https://www.gov.il/he/Departments/policies/dr-540852523,files_regulation_drugs_Statement-medical-institution-receives-donated-medicines.docx,הצהרת המוסד הרפואי המקבל תרופות בתרומה,https://www.gov.il/BlobFolder/policy/dr-540852523/he/files_regulation_drugs_Statement-medical-institution-receives-donated-medicines.docx,
27,540852523,נוהל המחלקה לייבוא פרמצבטיקה לקבלת תרומות של תרופות במסגרת מלחמת חרבות ברזל,2023-11-14T22:00:00Z,https://www.gov.il/he/Departments/policies/dr-540852523,files_regulation_drugs_statement-pharmacist-importer-party-importing-donation.docx,הצהרת רוקח היבואן או הגורם המייבא תרומה,https://www.gov.il/BlobFolder/policy/dr-540852523/he/files_regulation_drugs_statement-pharmacist-importer-party-importing-donation.docx,
28,dr-530131623,"החזקת מזרקי אפינפרין במוסדות חינוך ובמקום ציבורי (מלונות, מסעדות, בתי קפה, אולמות אירועים וכיו""ב)",2023-11-02T22:00:00Z,https://www.gov.il/he/Departments/policies/dr-530131623,files_regulation_drugs_dr-530131623.pdf,"החזקת מזרקי אפינפרין במוסדות חינוך ובמקום ציבורי (מלונות, מסעדות, בתי קפה, אולמות אירועים וכיו""ב)",https://www.gov.il/BlobFolder/policy/dr-530131623/he/files_regulation_drugs_dr-530131623.pdf,
29,508352323,הוראת שעה אספקת תרופות למטופלים - עדכון,2023-10-08T21:00:00Z,https://www.gov.il/he/Departments/policies/dr-508352323,files_regulation_drugs_dr-508352323.pdf,הוראת שעה אספקת תרופות למטופלים - עדכון,https://www.gov.il/BlobFolder/policy/dr-508352323/he/files_regulation_drugs_dr-508352323.pdf,
30,PUB-003,הודעה על פגם בתכשירים רפואיים וחומרי גלם פעילים,2023-08-31T21:00:00Z,https://www.gov.il/he/Departments/policies/pub-003,files_circulars_dr_PUB-003.pdf,הודעה על פגם בתכשירים רפואיים וחומרי גלם פעילים,https://www.gov.il/BlobFolder/policy/pub-003/he/files_circulars_dr_PUB-003.pdf,
30,PUB-003,הודעה על פגם בתכשירים רפואיים וחומרי גלם פעילים,2023-08-31T21:00:00Z,https://www.gov.il/he/Departments/policies/pub-003,files_circulars_dr_PUB-003-09a.pdf,עדכון נוהל הודעה על פגם PUB-003/09,https://www.gov.il/BlobFolder/policy/pub-003/he/files_circulars_dr_PUB-003-09a.pdf,
30,PUB-003,הודעה על פגם בתכשירים רפואיים וחומרי גלם פעילים,2023-08-31T21:00:00Z,https://www.gov.il/he/Departments/policies/pub-003,files_circulars_iscp-ex_Notification-defect-form.docx,דיווח על פגם בתכשירים רפואיים וחומרי גלם פעילים,https://www.gov.il/BlobFolder/policy/pub-003/he/files_circulars_iscp-ex_Notification-defect-form.docx,
31,174,אמות מידה לפעילות הרוקח בבית חולים גריאטרי,2023-07-12T21:00:00Z,https://www.gov.il/he/Departments/policies/dr-174,files_regulation_drugs_dr-174-2-1.pdf,אמות מידה לפעילות הרוקח בבית חולים גריאטרי  (גרסה 2.1 - בתוקף החל מה-01/06/2025),https://www.gov.il/BlobFolder/policy/dr-174/he/files_regulation_drugs_dr-174-2-1.pdf,
31,174,אמות מידה לפעילות הרוקח בבית חולים גריאטרי,2023-07-12T21:00:00Z,https://www.gov.il/he/Departments/policies/dr-174,files_regulation_drugs_dr-174-ria.pdf,התייחסות להשפעת רגולציה (RIA) בנושא אמות מידה לפעילות הרוקח בבית חולים גריאטרי (נוהל 174/01),https://www.gov.il/BlobFolder/policy/dr-174/he/files_regulation_drugs_dr-174-ria.pdf,
31,174,אמות מידה לפעילות הרוקח בבית חולים גריאטרי,2023-07-12T21:00:00Z,https://www.gov.il/he/Departments/policies/dr-174,files_regulation_drugs_dr-174-n1.docx,נספח 1 – מבנה לאישור רוקח אחראי,https://www.gov.il/BlobFolder/policy/dr-174/he/files_regulation_drugs_dr-174-n1.docx,
31,174,אמות מידה לפעילות הרוקח בבית חולים גריאטרי,2023-07-12T21:00:00Z,https://www.gov.il/he/Departments/policies/dr-174,files_regulation_drugs_dr-174-n2.docx,נספח 2 – מבנה לאישור מנהל שירות רוקחי,https://www.gov.il/BlobFolder/policy/dr-174/he/files_regulation_drugs_dr-174-n2.docx,
31,174,אמות מידה לפעילות הרוקח בבית חולים גריאטרי,2023-07-12T21:00:00Z,https://www.gov.il/he/Departments/policies/dr-174,files_regulation_drugs_dr-174-n3.docx,נספח 3 – מבנה לאישור רוקח יועץ,https://www.gov.il/BlobFolder/policy/dr-174/he/files_regulation_drugs_dr-174-n3.docx,
31,174,אמות מידה לפעילות הרוקח בבית חולים גריאטרי,2023-07-12T21:00:00Z,https://www.gov.il/he/Departments/policies/dr-174,files_regulation_drugs_dr-174-n4.docx,נספח 4  - תבניות להתערבות רוקחית,https://www.gov.il/BlobFolder/policy/dr-174/he/files_regulation_drugs_dr-174-n4.docx,
31,174,אמות מידה לפעילות הרוקח בבית חולים גריאטרי,2023-07-12T21:00:00Z,https://www.gov.il/he/Departments/policies/dr-174,files_regulation_drugs_dr-174-n5.docx,נספח 5 – ריבוי תרופות polypharmacy,https://www.gov.il/BlobFolder/policy/dr-174/he/files_regulation_drugs_dr-174-n5.docx,
31,174,אמות מידה לפעילות הרוקח בבית חולים גריאטרי,2023-07-12T21:00:00Z,https://www.gov.il/he/Departments/policies/dr-174,files_regulation_drugs_dr-174-n6.docx,נספח 6 – דיווח להנהלת המוסד,https://www.gov.il/BlobFolder/policy/dr-174/he/files_regulation_drugs_dr-174-n6.docx,
32,EX-018,נוהל קבלה של תעודת איכות לתכשיר חדש,2023-07-05T21:00:00Z,https://www.gov.il/he/Departments/policies/ex-018,files_circulars_iscp-ex_Guidelines-receiving-new-quality-certificate.pdf,נוהל קבלה של תעודת איכות לתכשיר חדש,https://www.gov.il/BlobFolder/policy/ex-018/he/files_circulars_iscp-ex_Guidelines-receiving-new-quality-certificate.pdf,
32,EX-018,נוהל קבלה של תעודת איכות לתכשיר חדש,2023-07-05T21:00:00Z,https://www.gov.il/he/Departments/policies/ex-018,files_circulars_iscp-ex_Form-1-EX-018.docx,טופס בקשה להגשת תכשיר רפואי לרישום,https://www.gov.il/BlobFolder/policy/ex-018/he/files_circulars_iscp-ex_Form-1-EX-018.docx,
32,EX-018,נוהל קבלה של תעודת איכות לתכשיר חדש,2023-07-05T21:00:00Z,https://www.gov.il/he/Departments/policies/ex-018,files_circulars_iscp-ex_Form-2-EX-018.docx,רשימת תיוג להערכה מקדמית,https://www.gov.il/BlobFolder/policy/ex-018/he/files_circulars_iscp-ex_Form-2-EX-018.docx,
32,EX-018,נוהל קבלה של תעודת איכות לתכשיר חדש,2023-07-05T21:00:00Z,https://www.gov.il/he/Departments/policies/ex-018,files_circulars_iscp-ex_Form-3-EX-018.docx,רשימת תיוג הגשת בקשה לתעודת איכות תיק חדש,https://www.gov.il/BlobFolder/policy/ex-018/he/files_circulars_iscp-ex_Form-3-EX-018.docx,
32,EX-018,נוהל קבלה של תעודת איכות לתכשיר חדש,2023-07-05T21:00:00Z,https://www.gov.il/he/Departments/policies/ex-018,files_circulars_iscp-ex_Form-4-EX-018.docx,טופס מלווה להגשת תיק מעבדה בעת הגשות לרישום תכשיר כימי חדש,https://www.gov.il/BlobFolder/policy/ex-018/he/files_circulars_iscp-ex_Form-4-EX-018.docx,
32,EX-018,נוהל קבלה של תעודת איכות לתכשיר חדש,2023-07-05T21:00:00Z,https://www.gov.il/he/Departments/policies/ex-018,files_circulars_iscp-ex_Requested-details-solvent.docx,טופס פרטים מבוקשים על ממס-מוהל,https://www.gov.il/BlobFolder/policy/ex-018/he/files_circulars_iscp-ex_Requested-details-solvent.docx,
32,EX-018,נוהל קבלה של תעודת איכות לתכשיר חדש,2023-07-05T21:00:00Z,https://www.gov.il/he/Departments/policies/ex-018,files_circulars_iscp-ex_Requested-details-finished-product.docx,טופס פרטים מבוקשים על תכשיר,https://www.gov.il/BlobFolder/policy/ex-018/he/files_circulars_iscp-ex_Requested-details-finished-product.docx,
33,dr-433751523,איסור שיווק סיגריות אלקטרוניות ומוצרי שאיפה בבתי מרקחת ובחדרי תרופות יוני 2023,2023-06-03T21:00:00Z,https://www.gov.il/he/Departments/policies/dr-433751523,files_regulation_drugs_dr_433751523.pdf,איסור שיווק סיגריות אלקטרוניות ומוצרי שאיפה בבתי מרקחת ובחדרי תרופות יוני 2023,https://www.gov.il/BlobFolder/policy/dr-433751523/he/files_regulation_drugs_dr_433751523.pdf,
34,155742120,הפסקות שיווק של תכשירים רפואיים - עדכון שיטת הדיווח,2023-03-14T22:00:00Z,https://www.gov.il/he/Departments/policies/dr-104,files_circulars_dr_dr_104.pdf,נוהל 104 - עדכון 3  - דיווח על כוונה להפסיק שיווק / כוונה שלא לחדש רישום תכשיר רפואי,https://www.gov.il/BlobFolder/policy/dr-104/he/files_circulars_dr_dr_104.pdf,
34,155742120,הפסקות שיווק של תכשירים רפואיים - עדכון שיטת הדיווח,2023-03-14T22:00:00Z,https://www.gov.il/he/Departments/policies/dr-104,files_circulars_dr_dr_104a.xlsx,"טבלת אקסל לדיווח הנתונים - נספח 3 מתוך נוהל 104, עדכון 3-851591422",https://www.gov.il/BlobFolder/policy/dr-104/he/files_circulars_dr_dr_104a.xlsx,
35,EX-021/01,דרישות איכות ובטיחות של תאים ורקמות אנושיים המיועדים לשימוש בבני אדם (יכנס לתוקף בתאריך 01/07/2023),2023-03-06T22:00:00Z,https://www.gov.il/he/Departments/policies/ex-021-01,files_circulars_iscp-ex_ex-021-01.pdf,דרישות איכות ובטיחות של תאים ורקמות אנושיים המיועדים לשימוש בבני אדם,https://www.gov.il/BlobFolder/policy/ex-021-01/he/files_circulars_iscp-ex_ex-021-01.pdf,
35,EX-021/01,דרישות איכות ובטיחות של תאים ורקמות אנושיים המיועדים לשימוש בבני אדם (יכנס לתוקף בתאריך 01/07/2023),2023-03-06T22:00:00Z,https://www.gov.il/he/Departments/policies/ex-021-01,files_circulars_iscp-ex_RIA-ex-021-01.pdf,דוח מסכם השפעת רגולציה - דרישות איכות ובטיחות של תאים ורקמות,https://www.gov.il/BlobFolder/policy/ex-021-01/he/files_circulars_iscp-ex_RIA-ex-021-01.pdf,
35,EX-021/01,דרישות איכות ובטיחות של תאים ורקמות אנושיים המיועדים לשימוש בבני אדם (יכנס לתוקף בתאריך 01/07/2023),2023-03-06T22:00:00Z,https://www.gov.il/he/Departments/policies/ex-021-01,forms_units_pharmaceuticals_iscp_Form-1-EX-012.pdf,רשימת המסמכים הנחוצים לשם הגשת תיק יבוא,https://www.gov.il/BlobFolder/policy/ex-021-01/he/forms_units_pharmaceuticals_iscp_Form-1-EX-012.pdf,
36,,מסלול הודעה (נוטיפיקציה) להגשת תוכנית ניהול סיכונים מותאמת לישראל – הארכת הוראת שעה לתקופה החל מ- 15.01.2023 ועד להודעה חדשה,2023-01-04T22:00:00Z,https://www.gov.il/he/Departments/policies/dr-45997923,files_regulation_drugs_dr-45997923.pdf,מסלול הודעה (נוטיפיקציה) להגשת תוכנית ניהול סיכונים מותאמת לישראל – הארכת הוראת שעה לתקופה החל מ- 15.01.2023 ועד להודעה חדשה,https://www.gov.il/BlobFolder/policy/dr-45997923/he/files_regulation_drugs_dr-45997923.pdf,
37,10/112022,תחולה בישראל של הנהלים וההנחיות לתנאי ייצור נאותים (GMP) של המדריך האירופאי- EudraLex - Volume 4 - Good Manufacturing Practice (,2022-11-09T22:00:00Z,https://www.gov.il/he/Departments/policies/iscp-10112022,files_circulars_iscp-ex_ISCP_10112022.pdf,תחולה בישראל של הנהלים וההנחיות לתנאי ייצור נאותים (GMP) של המדריך האירופאי - EudraLex - Volume 4 - Good Manufacturing Practice,https://www.gov.il/BlobFolder/policy/iscp-10112022/he/files_circulars_iscp-ex_ISCP_10112022.pdf,
38,65505/2022-2,הבהרות אודות הגשת בקשות לחידוש רישום למחלקה לרישום תכשירים ולמכון לביקורת ותקנים,2022-05-11T21:00:00Z,https://www.gov.il/he/pages/reg-655052022,files_regulation_drugs_reg_655052022.pdf,הבהרות אודות הגשת בקשות לחידוש רישום למחלקה לרישום תכשירים ולמכון לביקורת ותקנים,https://www.gov.il/BlobFolder/policy/reg-655052022/he/files_regulation_drugs_reg_655052022.pdf,
39,ISCP-20122022A,יחידות לאיסוף תאי אב המטופויאטיים,2022-04-21T21:00:00Z,https://www.gov.il/he/Departments/policies/iscp-20122022a,files_circulars_iscp-ex_ISCP_20122022A.pdf,יחידות לאיסוף תאי אב המטופויאטיים,https://www.gov.il/BlobFolder/policy/iscp-20122022a/he/files_circulars_iscp-ex_ISCP_20122022A.pdf,
40,518989722,עדכון בנושאי רישום תכשירים,2022-04-10T21:00:00Z,https://www.gov.il/he/pages/reg-518989722,files_regulation_drugs_reg_518989722.pdf,עדכון בנושאי רישום תכשירים,https://www.gov.il/BlobFolder/policy/reg-518989722/he/files_regulation_drugs_reg_518989722.pdf,
41,ISCP-24032022,בקשות לתעודת איכות בתיקים חדשים ובקשות לשינויים המוגשות למחלקות להערכת תיקים במכון לביקורת ותקנים,2022-03-27T21:00:00Z,https://www.gov.il/he/Departments/policies/iscp-24032022,files_regulation_drugs_ISCP_24032022.pdf,בקשות לתעודת איכות בתיקים חדשים ובקשות לשינויים המוגשות למחלקות להערכת תיקים במכון לביקורת ותקנים,https://www.gov.il/BlobFolder/policy/iscp-24032022/he/files_regulation_drugs_ISCP_24032022.pdf,
42,reg-37138522,דחיית מועד הגשת CPP,2022-03-26T21:00:00Z,https://www.gov.il/he/Departments/policies/reg-37138522,files_regulation_drugs_reg_37138522.pdf,דחיית מועד הגשת CPP,https://www.gov.il/BlobFolder/policy/reg-37138522/he/files_regulation_drugs_reg_37138522.pdf,
43,dr-1109012921,הגשת מידע בטיחותי עבור תכשירים וטרינריים,2022-03-21T22:00:00Z,https://www.gov.il/he/Departments/policies/dr-1109012921,files_regulation_drugs_dr_110950223.pdf,הגשת מידע בטיחותי עבור תכשירים וטרינריים - הארכה עד להודעה חדשה,https://www.gov.il/BlobFolder/policy/dr-1109012921/he/files_regulation_drugs_dr_110950223.pdf,
44,gdp-205428722,הבהרות בדבר ספקי שינוע בתנאי GDP,2022-02-05T22:00:00Z,https://www.gov.il/he/Departments/policies/gdp-205428722,files_regulation_drugs_GDP-205428722.pdf,הבהרות בדבר ספקי שינוע בתנאי GDP,https://www.gov.il/BlobFolder/policy/gdp-205428722/he/files_regulation_drugs_GDP-205428722.pdf,
45,reg-1387540021,המשך הקלות לתקופת הקורונה בעבודה מול המחלקה לרישום תכשירים,2021-12-26T22:00:00Z,https://www.gov.il/he/Departments/policies/reg-1387540021,files_circulars_reg_reg_1387540021.pdf,המשך הקלות לתקופת הקורונה בעבודה מול המחלקה לרישום תכשירים,https://www.gov.il/BlobFolder/policy/reg-1387540021/he/files_circulars_reg_reg_1387540021.pdf,
46,reg-997133021,עדכון סדרי עבודה במחלקה לרישום תכשירים בנוגע לבקשות לרישום תכשירים חדשים ותוספות/שינויי התוויה,2021-11-17T22:00:00Z,https://www.gov.il/he/Departments/policies/reg-997133021,files_regulation_reg_997133021.pdf,עדכון סדרי עבודה במחלקה לרישום תכשירים בנוגע לבקשות לרישום תכשירים חדשים ותוספות/שינויי התוויה,https://www.gov.il/BlobFolder/policy/reg-997133021/he/files_regulation_reg_997133021.pdf,
47,ISCP_02112021,"הנחיות ליצרני וליבואני תאים ורקמות, דם ומרכיביו בנושא נגיף הקורונה - עדכון 4",2021-11-02T22:00:00Z,https://www.gov.il/he/Departments/policies/iscp-02112021,files_circulars_הנחיות ליצרנים ויבואנים של תאים ורקמות דם ומרכיביו בנושא נגיף הקורונה- עדכון 4 021121.pdf,"הנחיות ליצרני וליבואני תאים ורקמות, דם ומרכיביו בנושא נגיף הקורונה - עדכון 4",https://www.gov.il/BlobFolder/policy/iscp-02112021/he/files_circulars_הנחיות ליצרנים ויבואנים של תאים ורקמות דם ומרכיביו בנושא נגיף הקורונה- עדכון 4 021121.pdf,
48,reg-621803421,הבהרות בנוגע להגדרת יצרן,2021-08-18T21:00:00Z,https://www.gov.il/he/Departments/policies/reg-621803421,files_circulars_reg_reg_621803421.pdf,הבהרות בנוגע להגדרת יצרן,https://www.gov.il/BlobFolder/policy/reg-621803421/he/files_circulars_reg_reg_621803421.pdf,
49,reg-516963521,פיילוט להערכת בקשות לרישום במסגרת פרויקט ORBIS,2021-07-31T21:00:00Z,https://www.gov.il/he/Departments/policies/reg-516963521,files_circulars_reg_reg_516963521.pdf,פיילוט להערכת בקשות לרישום במסגרת פרויקט ORBI,https://www.gov.il/BlobFolder/policy/reg-516963521/he/files_circulars_reg_reg_516963521.pdf,also listed as site entries #50
51,dr-1339173321,"הארכת תוקף אצוות FG9984 FL7309 ,FJ1964 חיסון COMIRNATY פקק סגול (גיל – 12 ומעלה)",2021-05-20T21:00:00Z,https://www.gov.il/he/Departments/policies/dr-1339173321,files_regulation_drugs_dr_1339173321.pdf,חידוד בנושא תאריך התפוגה של אצוות חיסוני COMIRNATY של חברת 2 גרסה – Pfizer/BioNTech,https://www.gov.il/BlobFolder/policy/dr-1339173321/he/files_regulation_drugs_dr_1339173321.pdf,
51,dr-1339173321,"הארכת תוקף אצוות FG9984 FL7309 ,FJ1964 חיסון COMIRNATY פקק סגול (גיל – 12 ומעלה)",2021-05-20T21:00:00Z,https://www.gov.il/he/Departments/policies/dr-1339173321,files_regulation_drugs_ISCP_16012023-01.pdf,אחסון ושינוע חיסוני mRNA ל- 19-COVID מתוצרת חברת Pfizer/BioNTech – גרסה 1,https://www.gov.il/BlobFolder/policy/dr-1339173321/he/files_regulation_drugs_ISCP_16012023-01.pdf,
51,dr-1339173321,"הארכת תוקף אצוות FG9984 FL7309 ,FJ1964 חיסון COMIRNATY פקק סגול (גיל – 12 ומעלה)",2021-05-20T21:00:00Z,https://www.gov.il/he/Departments/policies/dr-1339173321,files_regulation_drugs_ISCP-19122022.pdf,אחסון ושינוע חיסוני mRNA ל- 19-COVID מתוצרת חברת MODERNA – גרסה 1,https://www.gov.il/BlobFolder/policy/dr-1339173321/he/files_regulation_drugs_ISCP-19122022.pdf,
52,ISCP_13042021,איסוף דם טבורי מיולדת מאומתת ל- COVID-19,2021-04-12T21:00:00Z,https://www.gov.il/he/Departments/policies/iscp-13042021,files_circulars_iscp-ex_ISCP_13042021.pdf,איסוף דם טבורי מיולדת מאומתת ל- COVID-19,https://www.gov.il/BlobFolder/policy/iscp-13042021/he/files_circulars_iscp-ex_ISCP_13042021.pdf,
53,ISCP_17032021,הנחיות בנושא ביצוע בדיקות ליולדת ולמנת הדם הטבורי,2021-03-17T22:00:00Z,https://www.gov.il/he/Departments/General/iscp-17032021-01,files_circulars_ISCP_17032021.pdf,הנחיות בנושא ביצוע בדיקות ליולדת ולמנת הדם הטבורי,https://www.gov.il/BlobFolder/generalpage/iscp-17032021-01/he/files_circulars_ISCP_17032021.pdf,
54,dr-104-ext,לא בתוקף  - הפסקות שיווק של תכשירים רפואיים - עדכון שיטת הדיווח – הארכה,2021-03-06T22:00:00Z,https://www.gov.il/he/departments/policies/dr104-ext,files_regulation_dr_104-ext.pdf,לא בתוקף - הפסקות שיווק של תכשירים רפואיים - עדכון שיטת הדיווח – הארכה,https://www.gov.il/BlobFolder/policy/dr104-ext/he/files_regulation_dr_104-ext.pdf,
54,dr-104-ext,לא בתוקף  - הפסקות שיווק של תכשירים רפואיים - עדכון שיטת הדיווח – הארכה,2021-03-06T22:00:00Z,https://www.gov.il/he/departments/policies/dr104-ext,files_regulation_dr_104-ext.xlsx,נספח 3 - טבלה לעדכון הפסקות שיווק,https://www.gov.il/BlobFolder/policy/dr104-ext/he/files_regulation_dr_104-ext.xlsx,
55,reg_232437121,תיקון הודעה - החלפה ברמת בית מרקחת בין התכשיר Ogivri לתכשיר Herity ולהיפך,2021-02-17T22:00:00Z,https://www.gov.il/he/Departments/policies/reg-232437121,files_circulars_reg_reg_232437121.pdf,תיקון הודעה - החלפה ברמת בית מרקחת בין התכשיר Ogivri לתכשיר Herity ולהיפך,https://www.gov.il/BlobFolder/policy/reg-232437121/he/files_circulars_reg_reg_232437121.pdf,
56,reg_03237421,"הארכה וחידוד הנחיות של הוראת שעה בנושא מסלול הודעה (נוטיפיקציה) לעלונים חדשים, עדכון עלונים והחמרות בעלונים של תכשירים הומניים ו",2021-01-09T22:00:00Z,https://www.gov.il/he/departments/policies/reg-03237421,files_circulars_reg_REG_03237421.pdf,"הארכה וחידוד הנחיות של הוראת שעה בנושא מסלול הודעה (נוטיפיקציה) לעלונים חדשים, עדכון עלונים והחמרות בעלונים של תכשירים הומניים ו",https://www.gov.il/BlobFolder/policy/reg-03237421/he/files_circulars_reg_REG_03237421.pdf,
57,reg_457962220,המשך הקלות בנוגע להגשת בקשות למחלקה לרישום תכשירים לאור השפעות נגיף הקורונה בישראל,2020-12-26T22:00:00Z,https://www.gov.il/he/Departments/policies/reg-457962220,files_circulars_reg_reg_457962220.pdf,המשך הקלות בנוגע להגשת בקשות למחלקה לרישום תכשירים לאור השפעות נגיף הקורונה בישראל,https://www.gov.il/BlobFolder/policy/reg-457962220/he/files_circulars_reg_reg_457962220.pdf,
58,16/2020,לא בתוקף - מתן טיפול בתכשיר (Esketamine (®SPRAVATO,2020-11-22T22:00:00Z,https://www.gov.il/he/departments/policies/mr16-2020,files_circulars_mr_mr16_2020.pdf,לא בתוקף - מתן טיפול בתכשיר (Esketamine (®SPRAVATO,https://www.gov.il/BlobFolder/policy/mr16-2020/he/files_circulars_mr_mr16_2020.pdf,
59,EX-022/02,תכשירי תרפיות מתקדמות – דגשים והבהרות רגולטוריות,2020-10-31T22:00:00Z,https://www.gov.il/he/Departments/policies/ex-022-01,files_circulars_iscp-ex_EX-022-01.pdf,תכשירי תרפיות מתקדמות – דגשים והבהרות רגולטוריות,https://www.gov.il/BlobFolder/policy/ex-022-01/he/files_circulars_iscp-ex_EX-022-01.pdf,
59,EX-022/02,תכשירי תרפיות מתקדמות – דגשים והבהרות רגולטוריות,2020-10-31T22:00:00Z,https://www.gov.il/he/Departments/policies/ex-022-01,files_circulars_iscp-ex_EX-022-RIA.pdf,דוח השפעת רגולציה (RIA),https://www.gov.il/BlobFolder/policy/ex-022-01/he/files_circulars_iscp-ex_EX-022-RIA.pdf,
60,169,נוהל שימוש באמצעים דיגיטליים בתהליך קבלת הסכמה מדעת,2020-10-19T21:00:00Z,https://www.gov.il/he/Departments/policies/dr-169,files_circulars_dr_DR_169.pdf,נוהל שימוש באמצעים דיגיטליים בתהליך קבלת הסכמה מדעת,https://www.gov.il/BlobFolder/policy/dr-169/he/files_circulars_dr_DR_169.pdf,
61,104a,"טבלת אקסל לדיווח הנתונים - נספח 3 מתוך נוהל 104, עדכון 3",2020-10-01T21:00:00Z,https://www.health.gov.il/hozer/dr_104a.xlsx,files_circulars_dr_dr_104a.xlsx,"טבלת אקסל לדיווח הנתונים - נספח 3 מתוך נוהל 104, עדכון 3",https://www.gov.il/BlobFolder/policy/dr-104/he/files_circulars_dr_dr_104a.xlsx,source: direct (legacy health.gov.il link mapped to the gov.il copy)
62,ISCP-363797520,איסור הכנות רוקחיות לתכשיר מסחרי רשום ומשווק,2020-09-08T21:00:00Z,https://www.gov.il/he/Departments/policies/iscp-363797520,files_circulars_iscp-ex_ISCP-363797520.pdf,איסור הכנות רוקחיות לתכשיר מסחרי רשום ומשווק,https://www.gov.il/BlobFolder/policy/iscp-363797520/he/files_circulars_iscp-ex_ISCP-363797520.pdf,
63,reg-299486120,פעולות ייצור לציון בתעודת רישום ותעודת איכות,2020-07-18T21:00:00Z,https://www.gov.il/he/Departments/policies/reg-299486120,files_circulars_reg_reg-299486120.pdf,פעולות ייצור לציון בתעודת רישום ותעודת איכות,https://www.gov.il/BlobFolder/policy/reg-299486120/he/files_circulars_reg_reg-299486120.pdf,
64,ISCP-273101320,איסור הכנות רוקחיות לתכשיר מסחרי משווק,2020-06-21T21:00:00Z,https://www.gov.il/he/Departments/policies/iscp-273101320,files_circulars_iscp-ex_ISCP-273101320.pdf,איסור הכנות רוקחיות לתכשיר מסחרי משווק Screen reader support enabled.,https://www.gov.il/BlobFolder/policy/iscp-273101320/he/files_circulars_iscp-ex_ISCP-273101320.pdf,
65,reg-215085620,ביטול חלוקה למסלולי ייצור ברישום של תכשירים המכילים מולקולות כימיות,2020-05-06T21:00:00Z,https://www.gov.il/he/Departments/policies/reg-215085620,files_circulars_reg_reg-215085620.pdf,ביטול חלוקה למסלולי ייצור ברישום של תכשירים המכילים מולקולות כימיות,https://www.gov.il/BlobFolder/policy/reg-215085620/he/files_circulars_reg_reg-215085620.pdf,
66,reg_178442720,עדכון נוסח משפט הנוגע לתאריך אישור/עדכון העלון,2020-04-15T21:00:00Z,https://www.gov.il/he/Departments/policies/reg-178442720,files_circulars_reg_reg_178442720.pdf,עדכון נוסח משפט הנוגע לתאריך אישור/עדכון העלון,https://www.gov.il/BlobFolder/policy/reg-178442720/he/files_circulars_reg_reg_178442720.pdf,
67,reg_154645020,סיווג מוצרים לחיטוי העור וחיטוי משטחים,2020-03-14T22:00:00Z,https://www.gov.il/he/Departments/policies/reg-154645020,files_circulars_reg_reg_154645020.pdf,סיווג מוצרים לחיטוי העור וחיטוי משטחים,https://www.gov.il/BlobFolder/policy/reg-154645020/he/files_circulars_reg_reg_154645020.pdf,
68,reg_155264520,הנחיות לחברות התרופות לאור היערכות להתפשטות נגיף הקורונה בישראל,2020-03-14T22:00:00Z,https://www.gov.il/he/Departments/policies/reg-155264520,files_circulars_reg_reg_155264520.pdf,הנחיות לחברות התרופות לאור היערכות להתפשטות נגיף הקורונה בישראל,https://www.gov.il/BlobFolder/policy/reg-155264520/he/files_circulars_reg_reg_155264520.pdf,
69,,"תכשירים לחיטוי הרשמים בישראל, פברואר 2020",2020-02-19T22:00:00Z,https://www.gov.il/he/Departments/policies/sanitizers-list,files_circulars_Sanitizers-list.pdf,"תכשירים לחיטוי הרשמים בישראל, פברואר 2020",https://www.gov.il/BlobFolder/policy/sanitizers-list/he/files_circulars_Sanitizers-list.pdf,
70,dr-195,"מסמכים, ספרות מקצועית ותיעוד הנדרשים בבתי מרקחת וחדרי תרופות",2020-01-31T22:00:00Z,https://www.gov.il/he/Departments/policies/dr-195,files_regulation_drugs_dr_195.pdf,"מסמכים, ספרות מקצועית ותיעוד הנדרשים בבתי מרקחת וחדרי תרופות",https://www.gov.il/BlobFolder/policy/dr-195/he/files_regulation_drugs_dr_195.pdf,
71,ISCP_19012020,מעקב ובקרה לעמידה בדרישות GMP API,2020-01-20T22:00:00Z,https://www.gov.il/he/Departments/policies/iscp-19012020,files_circulars_iscp-ex_ISCP_19012020.pdf,מעקב ובקרה לעמידה בדרישות GMP API,https://www.gov.il/BlobFolder/policy/iscp-19012020/he/files_circulars_iscp-ex_ISCP_19012020.pdf,
72,101015320,איסור תגמול לרוקח עבור מכירות בבית המרקחת,2020-01-07T22:00:00Z,https://www.gov.il/he/Departments/policies/ban-on-pharmacist-sales-commission-at-pharmacies,files_circulars_sbn_ban-on-pharmacist-sales-commission-at-pharmacies.pdf,איסור תגמול לרוקח עבור מכירות בבית המרקחת,https://www.gov.il/BlobFolder/policy/ban-on-pharmacist-sales-commission-at-pharmacies/he/files_circulars_sbn_ban-on-pharmacist-sales-commission-at-pharmacies.pdf,
73,168,"נוהל הוועדה הארצית לניסויים קליניים רב מרכזיים, פיילוט למחקרים המסווגים כניסויים ""לא מיוחדים""",2020-01-04T22:00:00Z,https://www.gov.il/he/Departments/policies/dr-168,files_circulars_dr_DR_168.pdf,נוהל הוועדה הארצית לניסויים קליניים רב מרכזיים,https://www.gov.il/BlobFolder/policy/dr-168/he/files_circulars_dr_DR_168.pdf,
74,reg-587734819,מסלול הודעה (נוטיפיקציה) לעדכון עלונים של תכשירים הומניים ווטרינריים - עדכון דצמבר 2019,2019-12-15T22:00:00Z,https://www.gov.il/he/Departments/policies/reg-587734819,files_circulars_reg_reg-587734819.pdf,מסלול הודעה (נוטיפיקציה) לעדכון עלונים של תכשירים הומניים ווטרינריים - עדכון דצמבר 2019,https://www.gov.il/BlobFolder/policy/reg-587734819/he/files_circulars_reg_reg-587734819.pdf,
75,130/02,תנאי הפצה נאותים לתכשירים,2019-10-30T22:00:00Z,https://www.gov.il/he/Departments/policies/ex-130,files_circulars_iscp-ex_EX-130.pdf,תנאי הפצה נאותים לתכשירים,https://www.gov.il/BlobFolder/policy/ex-130/he/files_circulars_iscp-ex_EX-130.pdf,
76,DR_557925419,הענקת טובות הנאה לעיתונאים ואנשי תקשורת,2019-10-27T22:00:00Z,https://www.gov.il/he/Departments/policies/dr-557925419,files_circulars_dr_DR_557925419.pdf,הענקת טובות הנאה לעיתונאים ואנשי תקשורת,https://www.gov.il/BlobFolder/policy/dr-557925419/he/files_circulars_dr_DR_557925419.pdf,
77,167/01,תנאי הפצה נאותים לחומרי גלם פעילים המיועדים לשמש לתכשירים הומאניים,2019-10-27T22:00:00Z,https://www.gov.il/he/Departments/policies/ex-167,files_circulars_iscp-ex_EX-167.pdf,תנאי הפצה נאותים לחומרי גלם פעילים  המיועדים  לשמש לתכשירים הומאניים,https://www.gov.il/BlobFolder/policy/ex-167/he/files_circulars_iscp-ex_EX-167.pdf,
78,PUB-118/01,הודעה על שינוי אריזה ותיווי של תכשיר רשום,2019-08-31T21:00:00Z,https://www.gov.il/he/Departments/policies/pub-118-01,files_circulars_dr_pub-118-01.pdf,הודעה על שינוי אריזה ותיווי של תכשיר רשום,https://www.gov.il/BlobFolder/policy/pub-118-01/he/files_circulars_dr_pub-118-01.pdf,
79,DR_498131619,מכירת מזרקי אפינפרין למוסדות חינוך,2019-07-13T21:00:00Z,https://www.gov.il/he/Departments/policies/dr-498131619,files_circulars_dr_DR_498131619.pdf,מכירת מזרקי אפינפרין למוסדות חינוך,https://www.gov.il/BlobFolder/policy/dr-498131619/he/files_circulars_dr_DR_498131619.pdf,
80,EX-003,נוהל הפעלת בנק דם טבורי ציבורי ופרטי,2019-07-13T21:00:00Z,https://www.gov.il/he/Departments/policies/ex-003,files_circulars_iscp-ex_EX-003.pdf,נוהל הפעלת בנק דם טבורי ציבורי ופרטי,https://www.gov.il/BlobFolder/policy/ex-003/he/files_circulars_iscp-ex_EX-003.pdf,
81,112,שירות למטופל בבית מרקחת- הבהרות לנוהל 112,2019-07-13T21:00:00Z,https://www.gov.il/he/Departments/policies/dr-112-14072019,files_circulars_dr_DR_112_14072019.pdf,שירות למטופל בבית מרקחת- הבהרות לנוהל 112,https://www.gov.il/BlobFolder/policy/dr-112-14072019/he/files_circulars_dr_DR_112_14072019.pdf,
82,dr_471089219,"שיפור שירות רוקחי למטופל, אמות מידה לשירותי בית מרקחת וטלה רוקחות נייר עמדה להערות",2019-05-28T21:00:00Z,https://www.gov.il/he/Departments/policies/dr-471089219,files_circulars_dr_dr_471089219.pdf,"שיפור שירות רוקחי למטופל, אמות מידה לשירותי בית מרקחת וטלה רוקחות נייר עמדה להערות",https://www.gov.il/BlobFolder/policy/dr-471089219/he/files_circulars_dr_dr_471089219.pdf,
83,DR_468360919,איסור הכנות הומאופתיות של תכשירי חיסונים,2019-05-26T21:00:00Z,https://www.gov.il/he/Departments/policies/dr-468360919,files_circulars_dr_DR_468360919.pdf,איסור הכנות הומאופתיות של תכשירי חיסונים,https://www.gov.il/BlobFolder/policy/dr-468360919/he/files_circulars_dr_DR_468360919.pdf,
84,EX-014,הצהרת QP בנושא תנאי ייצור נאותים לחומרי גלם פעילים של תכשירים רפואיים,2019-04-28T21:00:00Z,https://www.gov.il/he/Departments/policies/ex-014,files_circulars_iscp-ex_EX-014.pdf,הצהרת QP בנושא תנאי ייצור נאותים לחומרי גלם פעילים של תכשירים רפואיים,https://www.gov.il/BlobFolder/policy/ex-014/he/files_circulars_iscp-ex_EX-014.pdf,
84,EX-014,הצהרת QP בנושא תנאי ייצור נאותים לחומרי גלם פעילים של תכשירים רפואיים,2019-04-28T21:00:00Z,https://www.gov.il/he/Departments/policies/ex-014,files_circulars_iscp-ex_Form-01-EX-014.docx,Qualified Person’s  Declaration Concerning GMP Compliance of the Active Substance Manufacture  - Declaration Template,https://www.gov.il/BlobFolder/policy/ex-014/he/files_circulars_iscp-ex_Form-01-EX-014.docx,
85,EX-017-01,הליך אישור רוקח אחראי (QP) בחברה העוסקת בפעילות של ייצור/יבוא תכשירים רפואיים,2019-02-28T22:00:00Z,https://www.gov.il/he/Departments/policies/ex-017-01,files_circulars_iscp-ex_EX-017-01.pdf,הליך אישור רוקח אחראי (QP) בחברה העוסקת בפעילות של ייצור/יבוא תכשירים רפואיים,https://www.gov.il/BlobFolder/policy/ex-017-01/he/files_circulars_iscp-ex_EX-017-01.pdf,
86,411549919,שינוי בתהליך הערכה מקדמית במחלקה לרישום תכשירים ודגשים להגשת תיקים - עדכון,2019-01-30T22:00:00Z,https://www.gov.il/he/pages/reg-411549919,files_regulation_drugs_reg_411549919.pdf,שינוי בתהליך הערכה מקדמית במחלקה לרישום תכשירים ודגשים להגשת תיקים - עדכון,https://www.gov.il/BlobFolder/policy/reg-411549919/he/files_regulation_drugs_reg_411549919.pdf,
87,DR_16012019,עיסוק בתמרוקים (ייבוא/שיווק/אחסון) מחייב בשני רישיונות: רישיון תמרוקים כללי ורישיון תמרוקים פלוני.,2019-01-15T22:00:00Z,https://www.gov.il/he/Departments/policies/dr-16012018,files_circulars_dr_DR_16012018.pdf,לא בתוקף - עיסוק בתמרוקים (ייבוא/שיווק/אחסון) מחייב בשני רישיונות: רישיון תמרוקים כללי ורישיון תמרוקים פלוני.,https://www.gov.il/BlobFolder/policy/dr-16012018/he/files_circulars_dr_DR_16012018.pdf,
88,164,נוהל דיווח ומעקב על מידע בטיחותי במהלך ניסויים רפואיים בבני אדם,2018-12-31T22:00:00Z,https://www.gov.il/he/Departments/policies/dr-164,files_circulars_dr_DR_164.pdf,נוהל דיווח ומעקב על מידע בטיחותי במהלך ניסויים רפואיים בבני אדם,https://www.gov.il/BlobFolder/policy/dr-164/he/files_circulars_dr_DR_164.pdf,
89,dr_428073518,קול קורא לרישום תוספת התוויה לתכשיר ABIRATERON,2018-10-17T21:00:00Z,https://www.gov.il/he/Departments/policies/dr-428073518,files_circulars_dr_DR_428073518.pdf,קול קורא לרישום תוספת התוויה לתכשיר ABIRATERON,https://www.gov.il/BlobFolder/policy/dr-428073518/he/files_circulars_dr_DR_428073518.pdf,
90,423138618,הבהרה באשר לזמני רישום של תכשירים מסוג תרפיות מתקדמות בישראל,2018-10-15T21:00:00Z,https://www.gov.il/he/Departments/policies/423138618,files_circulars_הבהרה באשר לזמני רישום של תכשירים מסוג תרפיות מתקדמות.pdf,הבהרה באשר לזמני רישום של תכשירים מסוג תרפיות מתקדמות בישראל,https://www.gov.il/BlobFolder/policy/423138618/he/files_circulars_הבהרה באשר לזמני רישום של תכשירים מסוג תרפיות מתקדמות.pdf,
91,132,"תנאי הכנה נאותים בבתי מרקחת, הכנות פשוטות ובינוניות לא סטריליות",2017-12-31T22:00:00Z,https://www.gov.il/he/departments/policies/dr-132,files_circulars_dr_DR_132.pdf,"תנאי הכנה נאותים בבתי מרקחת, הכנות פשוטות ובינוניות לא סטריליות",https://www.gov.il/BlobFolder/policy/dr-132/he/files_circulars_dr_DR_132.pdf,
92,135,הכנות רוקחיות מורכבות ובסיכון גבוה בבתי מרקחת,2017-12-31T22:00:00Z,https://www.gov.il/he/Departments/policies/dr-135,files_circulars_dr_DR_135.pdf,הכנות רוקחיות מורכבות ובסיכון גבוה בבתי מרקחת,https://www.gov.il/BlobFolder/policy/dr-135/he/files_circulars_dr_DR_135.pdf,
93,EX-015/02,בקשה להוצאת אישור יצרן/יבואן תכשירים רפואיים,2017-12-31T22:00:00Z,https://www.gov.il/he/Departments/policies/ex-015-02,files_circulars_iscp-ex_EX-015-02.pdf,בקשה להוצאת אישור יצרן/יבואן תכשירים רפואיים,https://www.gov.il/BlobFolder/policy/ex-015-02/he/files_circulars_iscp-ex_EX-015-02.pdf,
94,PRA-004/01,הנחיות להגשה ועדכון עלונים לרופא ולצרכן,2017-12-31T22:00:00Z,https://www.gov.il/he/Departments/policies/pra-004-01,files_circulars_dr_PRA-004-01.pdf,הנחיות להגשה ועדכון עלונים לרופא ולצרכן,https://www.gov.il/BlobFolder/policy/pra-004-01/he/files_circulars_dr_PRA-004-01.pdf,
95,DR_400581418,שאלות ותשובות בנושא דיווחי תופעות לוואי ומידע בטיחותי חדש ותוכניות ניהול סיכונים,2017-12-27T22:00:00Z,https://www.gov.il/he/Departments/policies/dr-400581418,files_circulars_dr_DR_400581418.pdf,שאלות ותשובות בנושא דיווחי תופעות לוואי ומידע בטיחותי חדש ותוכניות ניהול סיכונים,https://www.gov.il/BlobFolder/policy/dr-400581418/he/files_circulars_dr_DR_400581418.pdf,
96,DR_01177109,שאלות ותשובות בנושא מסלול נוטיפיקציה לעדכון עלונים,2017-11-18T22:00:00Z,https://www.gov.il/he/Departments/policies/dr-01177109,files_circulars_dr_DR_01177109.pdf,שאלות ותשובות בנושא מסלול נוטיפיקציה לעדכון עלונים,https://www.gov.il/BlobFolder/policy/dr-01177109/he/files_circulars_dr_DR_01177109.pdf,
97,160,מתן חיסון נגד שפעת על ידי רוקח בבית מרקחת,2017-08-31T21:00:00Z,https://www.gov.il/he/Departments/policies/dr-160,files_regulation_dr_160.pdf,מתן חיסון נגד שפעת על ידי רוקח בבית מרקחת,https://www.gov.il/BlobFolder/policy/dr-160/he/files_regulation_dr_160.pdf,
98,DR_400103417,הוראה שעה - מסלול נוטיפיקציה לעדכון עלונים והחמרות בעלונים כולל שאלות ותשובות,2017-08-16T21:00:00Z,https://www.gov.il/he/Departments/policies/dr-400103417,files_circulars_dr_DR_400103417.pdf,הוראת שעה - מסלול נוטיפיקציה לעדכון עלונים והחמרות בעלונים כולל שאלות ותשובות,https://www.gov.il/BlobFolder/policy/dr-400103417/he/files_circulars_dr_DR_400103417.pdf,
99,PUB-148/01,תכשירים נוזליים למתן פומי המכילים אתנול – בטיחות בילדים,2017-04-30T21:00:00Z,https://www.gov.il/he/departments/policies/pub-148-01,files_circulars_dr_PUB-148-01.pdf,תכשירים נוזליים למתן פומי המכילים אתנול – בטיחות בילדים,https://www.gov.il/BlobFolder/policy/pub-148-01/he/files_circulars_dr_PUB-148-01.pdf,
100,EX-016/01,דיקת איכות של תכשירים רפואיים רשומים ומשווקים במסגרת פיקוח שלאחר רישום (Post Marketing-PM),2017-02-12T22:00:00Z,https://www.gov.il/he/Departments/policies/ex-016-01,files_circulars_iscp-ex_EX-016-01.pdf,בדיקת איכות של תכשירים רפואיים רשומים ומשווקים במסגרת פיקוח שלאחר רישום (Post Marketing-PM),https://www.gov.il/BlobFolder/policy/ex-016-01/he/files_circulars_iscp-ex_EX-016-01.pdf,
101,144,נוהל פיקוח ובקרה על ניסויים רפואיים בבני אדם,2017-01-31T22:00:00Z,https://www.gov.il/he/Departments/policies/dr-144,files_circulars_dr_DR_144.pdf,נוהל פיקוח ובקרה על ניסויים רפואיים בבני אדם,https://www.gov.il/BlobFolder/policy/dr-144/he/files_circulars_dr_DR_144.pdf,
102,DR_158,"הבהרות לתקנות הרוקחים (מתן מרשם בידי רוקח בעל הרשאה אישית), התשע""ד 2014",2016-12-31T22:00:00Z,https://www.gov.il/he/Departments/policies/dr-158,files_circulars_dr_DR_158.pdf,"הבהרות לתקנות הרוקחים (מתן מרשם בידי רוקח בעל הרשאה אישית), התשע""ד 2014",https://www.gov.il/BlobFolder/policy/dr-158/he/files_circulars_dr_DR_158.pdf,
103,DR_20357216,"תכשירים רפואיים וגלוטן, ספטמבר 2016",2016-10-12T21:00:00Z,https://www.gov.il/he/Departments/policies/dr-20357216,files_circulars_dr_DR_20357216.pdf,"תכשירים רפואיים וגלוטן, ספטמבר 2016",https://www.gov.il/BlobFolder/policy/dr-20357216/he/files_circulars_dr_DR_20357216.pdf,
104,145,אכיפה מנהלית - הוראות לעניין הטלת עיצומים כספיים לפי פקודת הרוקחים,2016-08-31T21:00:00Z,https://www.gov.il/he/Departments/policies/dr-145,files_circulars_dr_DR_145.pdf,אכיפה מנהלית - הוראות לעניין הטלת עיצומים כספיים לפי פקודת הרוקחים,https://www.gov.il/BlobFolder/policy/dr-145/he/files_circulars_dr_DR_145.pdf,
105,146,אכיפה מנהלית - ההתראה מינהלית והתחייבות להימנע מהפרה לפי פקודת הרוקחים (חלף עיצומים כספיים),2016-08-31T21:00:00Z,https://www.gov.il/he/Departments/policies/dr-146,files_circulars_dr_DR_146.pdf,אכיפה מנהלית - ההתראו מינהלית והתחייבות להימנע מהפרה לפי פקודת הרוקחים (חלף עיצומים כספיים),https://www.gov.il/BlobFolder/policy/dr-146/he/files_circulars_dr_DR_146.pdf,
106,,,2016-08-31T21:00:00Z,,,,,
107,16,"נוהל אישור רוקח אחראי לניהול בית מרקחת, חדר תרופות או מוסד רפואי אחר",2016-08-01T21:00:00Z,https://www.gov.il/he/Departments/policies/dr-16,files_circulars_dr_DR_16.pdf,"נוהל אישור רוקח אחראי לניהול בית מרקחת, חדר תרופות או מוסד רפואי אחר",https://www.gov.il/BlobFolder/policy/dr-16/he/files_circulars_dr_DR_16.pdf,
108,155,ניפוק מרשם לסמים מסוכנים - הבהרות,2016-07-31T21:00:00Z,https://www.gov.il/he/Departments/policies/dr-155,files_circulars_dr_DR_155.pdf,ניפוק מרשם לסמים מסוכנים - הבהרות,https://www.gov.il/BlobFolder/policy/dr-155/he/files_circulars_dr_DR_155.pdf,
109,ISCP_26062016,"שינוי בתהליך הערכת תיקי תכשירים וטרינרים המוגשים לרישום עבור חיות שאינן מייצרות מזון ושאינן משמשות למזון, ובין היתר חיות בית קטנ",2016-06-25T21:00:00Z,https://www.gov.il/he/Departments/policies/iscp-26062016,files_circulars_iscp-ex_ISCP_26062016.pdf,"שינוי בתהליך הערכת תיקי תכשירים וטרינרים המוגשים לרישום עבור חיות שאינן מייצרות מזון ושאינן משמשות למזון, ובין היתר חיות בית קטנ",https://www.gov.il/BlobFolder/policy/iscp-26062016/he/files_circulars_iscp-ex_ISCP_26062016.pdf,
110,Reg_26052016,החלטת ועדת אד הוק בנושא חלופה (Substitution/interchangeability) בין התכשיר Gonal-f לתכשיר Bemfola,2016-05-25T21:00:00Z,https://www.gov.il/he/Departments/policies/reg-26052016,files_circulars_reg_Reg_26052016.pdf,החלטת ועדת אד הוק בנושא חלופה ( substitution/interchangeability ) בין התכשיר Gonal-f לתכשיר Bemfola,https://www.gov.il/BlobFolder/policy/reg-26052016/he/files_circulars_reg_Reg_26052016.pdf,
111,EX-007,"נוהל הגשת נתוני יציבות של חומרים פעילים ותכשירים רפואיים בעת הגשות לרישום, חידוש רישום ושינויים.",2016-04-30T21:00:00Z,https://www.gov.il/he/Departments/policies/ex007,files_circulars_iscp-ex_EX007_03.pdf,"נוהל הגשת נתוני יציבות של חומרים פעילים ותכשירים רפואיים בעת הגשות לרישום, חידוש רישום ושינויים.",https://www.gov.il/BlobFolder/policy/ex007/he/files_circulars_iscp-ex_EX007_03.pdf,
112,EX-006,שחרור רשמי של תכשירים במדינת ישראל,2016-04-30T21:00:00Z,https://www.gov.il/he/Departments/policies/ex006,files_circulars_iscp-ex_EX-006.pdf,שחרור רשמי של תכשירים במדינת ישראל,https://www.gov.il/BlobFolder/policy/ex006/he/files_circulars_iscp-ex_EX-006.pdf,
112,EX-006,שחרור רשמי של תכשירים במדינת ישראל,2016-04-30T21:00:00Z,https://www.gov.il/he/Departments/policies/ex006,files_circulars_iscp-ex_Form-1-EX-006.docx,בקשה לשיחרור רשמי של אצווה,https://www.gov.il/BlobFolder/policy/ex006/he/files_circulars_iscp-ex_Form-1-EX-006.docx,
112,EX-006,שחרור רשמי של תכשירים במדינת ישראל,2016-04-30T21:00:00Z,https://www.gov.il/he/Departments/policies/ex006,files_circulars_iscp-ex_Form-1-EX-006-en.docx,Application form for official batch release,https://www.gov.il/BlobFolder/policy/ex006/he/files_circulars_iscp-ex_Form-1-EX-006-en.docx,
113,DR_26016216,רקיחת הכנות רוקחיות מותרות בבית מרקחת ושיווקן,2016-03-05T22:00:00Z,https://www.gov.il/he/Departments/policies/dr-26016216,files_circulars_dr_DR_26016216.pdf,רקיחת הכנות רוקחיות מותרות בבית מרקחת ושיווקן,https://www.gov.il/BlobFolder/policy/dr-26016216/he/files_circulars_dr_DR_26016216.pdf,
114,142,הנחיות להגשת תוכניות לניהול סיכונים לאגף הרוקחות,2016-02-29T22:00:00Z,https://www.gov.il/he/Departments/policies/dr-142,files_circulars_dr_DR_142.pdf,הנחיות להגשת תוכניות לניהול סיכונים לאגף הרוקחות,https://www.gov.il/BlobFolder/policy/dr-142/he/files_circulars_dr_DR_142.pdf,
115,142,Name of Procedure: Guidelines for Submitting Risk Management Plans to Pharmaceutical Division,2016-02-29T22:00:00Z,https://www.gov.il/he/Departments/policies/dr-142e,files_circulars_dr_DR_142e.pdf,Name of Procedure: Guidelines for Submitting Risk Management Plans to Pharmaceutical Division,https://www.gov.il/BlobFolder/policy/dr-142e/he/files_circulars_dr_DR_142e.pdf,
116,44,נוהל מלאי מינימום של סמים מסוכנים בבתי מרקחת וחדרי תרופות,2016-02-09T22:00:00Z,https://www.gov.il/he/departments/policies/dr-44,files_circulars_dr_dr_44.pdf,נוהל מלאי מינימום של סמים מסוכנים בבתי מרקחת וחדרי תרופות,https://www.gov.il/BlobFolder/policy/dr-44/he/files_circulars_dr_dr_44.pdf,
117,143,הערכה מחודשת של תכשירים ווטרינריים רשומים,2016-01-31T22:00:00Z,https://www.gov.il/he/departments/policies/dr-143,files_circulars_dr_DR_143.pdf,הערכה מחודשת של תכשירים ווטרינריים רשומים,https://www.gov.il/BlobFolder/policy/dr-143/he/files_circulars_dr_DR_143.pdf,
118,138,"הפצת מידע על תופעות לוואי ומידע בטיחותי חדש ע""י אגף הרוקחות",2015-12-31T22:00:00Z,https://www.gov.il/he/Departments/policies/dr-138,files_circulars_dr_DR_138.pdf,"הפצת מידע על תופעות לוואי ומידע בטיחותי חדש ע""י אגף הרוקחות",https://www.gov.il/BlobFolder/policy/dr-138/he/files_circulars_dr_DR_138.pdf,
119,reg_22122015,תוספת לעלונים בנוגע לדיווח תופעות לוואי,2015-12-21T22:00:00Z,https://www.gov.il/he/Departments/policies/reg-22122015,files_circulars_reg_reg_22122015.pdf,תוספת לעלונים בנוגע לדיווח תופעות לוואי,https://www.gov.il/BlobFolder/policy/reg-22122015/he/files_circulars_reg_reg_22122015.pdf,
120,dr_55204202,פעילות עובד בית מרקחת שאינו רוקח - הבהרה,2015-12-03T22:00:00Z,https://www.gov.il/he/Departments/policies/dr-55204202,files_circulars_dr_dr_55204202.pdf,פעילות עובד בית מרקחת שאינו רוקח  - הבהרה,https://www.gov.il/BlobFolder/policy/dr-55204202/he/files_circulars_dr_dr_55204202.pdf,
121,reg_01122015,הנחיות בנושא אסמכאות לאישור ועדכון של תכשירים רפואיים הומניים,2015-11-30T22:00:00Z,https://www.gov.il/he/Departments/policies/reg-01122015,files_circulars_reg_reg_01122015.pdf,הנחיות בנושא אסמכאות לאישור ועדכון של תכשירים רפואיים הומניים,https://www.gov.il/BlobFolder/policy/reg-01122015/he/files_circulars_reg_reg_01122015.pdf,
122,41,קוים מנחים למערכות אוטומטיות ורובוטים להכנה וניפוק תרופות בבתי מרקחת,2015-11-15T22:00:00Z,https://www.gov.il/he/Departments/policies/dr-141,files_circulars_dr_DR_141.pdf,קוים מנחים למערכות אוטומטיות ורובוטים להכנה וניפוק תרופות בבתי מרקחת,https://www.gov.il/BlobFolder/policy/dr-141/he/files_circulars_dr_DR_141.pdf,
123,reg_16112015,עדכון בנוגע לקבלת תיקים במחלקה לרישום תכשירים רפואיים באגף הרוקחות,2015-11-15T22:00:00Z,https://www.gov.il/he/Departments/policies/reg-16112015,files_circulars_reg_reg_16112015.pdf,עדכון בנוגע לקבלת תיקים במחלקה לרישום תכשירים רפואיים באגף הרוקחות,https://www.gov.il/BlobFolder/policy/reg-16112015/he/files_circulars_reg_reg_16112015.pdf,
124,EX-001,נוהל להגשת דוגמאות וסטנדרטים בעת הגשות למכון,2015-10-07T21:00:00Z,https://www.gov.il/he/Departments/policies/ex001,files_circulars_iscp-ex_EX-001.pdf,נוהל להגשת דוגמאות וסטנדרטים בעת הגשות למכון,https://www.gov.il/BlobFolder/policy/ex001/he/files_circulars_iscp-ex_EX-001.pdf,
124,EX-001,נוהל להגשת דוגמאות וסטנדרטים בעת הגשות למכון,2015-10-07T21:00:00Z,https://www.gov.il/he/Departments/policies/ex001,files_circulars_iscp-ex_RIA-ex-001.pdf,דוח הערכה להשפעת רגולציה,https://www.gov.il/BlobFolder/policy/ex001/he/files_circulars_iscp-ex_RIA-ex-001.pdf,
124,EX-001,נוהל להגשת דוגמאות וסטנדרטים בעת הגשות למכון,2015-10-07T21:00:00Z,https://www.gov.il/he/Departments/policies/ex001,files_circulars_iscp-ex_Form-1-EX-001.docx,טופס מלווה לסטנדרטים/תעודת Retest,https://www.gov.il/BlobFolder/policy/ex001/he/files_circulars_iscp-ex_Form-1-EX-001.docx,
124,EX-001,נוהל להגשת דוגמאות וסטנדרטים בעת הגשות למכון,2015-10-07T21:00:00Z,https://www.gov.il/he/Departments/policies/ex001,files_circulars_iscp-ex_Form-2-EX-001.docx,טופס להגשת חומר ייחוס המוגדר כסם/חומר פסיכוטי,https://www.gov.il/BlobFolder/policy/ex001/he/files_circulars_iscp-ex_Form-2-EX-001.docx,
124,EX-001,נוהל להגשת דוגמאות וסטנדרטים בעת הגשות למכון,2015-10-07T21:00:00Z,https://www.gov.il/he/Departments/policies/ex001,files_circulars_iscp-ex_Form-3-EX-001.docx,טופס להגשת תכשיר מוגמר המכיל סם/חומר פסיכוטי,https://www.gov.il/BlobFolder/policy/ex001/he/files_circulars_iscp-ex_Form-3-EX-001.docx,
125,134,"העלאת מודעות למחלות (המ""ל) - כללים להנגשת מידע לציבור הרחב שנעשה במימון או בחסות בעל רישום",2015-08-16T21:00:00Z,https://www.gov.il/he/Departments/policies/dr-134,files_circulars_dr_DR_134.pdf,"העלאת מודעות למחלות (המ""ל) - כללים להנגשת מידע לציבור הרחב שנעשה במימון או בחסות בעל רישום",https://www.gov.il/BlobFolder/policy/dr-134/he/files_circulars_dr_DR_134.pdf,
126,DR_32349115,תהליך רישום תכשירי מקור באגף הרוקחות,2015-05-09T21:00:00Z,https://www.gov.il/he/Departments/policies/dr-32349115,files_circulars_dr_DR_32349115.pdf,תהליך רישום תכשירי מקור באגף הרוקחות,https://www.gov.il/BlobFolder/policy/dr-32349115/he/files_circulars_dr_DR_32349115.pdf,
127,DR_ֹ32978215,הבהרות והנחיות לאחזקה ושימוש בקנביס רפואי בעת אשפוז,2015-05-04T21:00:00Z,https://www.gov.il/he/Departments/policies/dr-32978215,files_circulars_dr_DR_ֹ32978215.pdf,הבהרות והנחיות לאחזקה ושימוש בקנביס רפואי בעת אשפוז,https://www.gov.il/BlobFolder/policy/dr-32978215/he/files_circulars_dr_DR_ֹ32978215.pdf,
128,139,רוקח אחראי בבית מסחר לתרופות,2015-03-31T21:00:00Z,https://www.gov.il/he/Departments/policies/dr-139,files_circulars_dr_DR_139.pdf,רוקח אחראי בבית מסחר לתרופות,https://www.gov.il/BlobFolder/policy/dr-139/he/files_circulars_dr_DR_139.pdf,
129,ISCP_16032015,טבלת שינויים להגשה למכון ולמחלקת רישום,2015-03-15T22:00:00Z,https://www.gov.il/he/Departments/policies/iscp-16032015,files_circulars_iscp-ex_ISCP_16032015.xls,טבלת שינויים להגשה למכון ולמחלקת רישום,https://www.gov.il/BlobFolder/policy/iscp-16032015/he/files_circulars_iscp-ex_ISCP_16032015.xls,
130,ISCP_31032015,הטמעת שינויים,2015-02-25T22:00:00Z,https://www.gov.il/he/Departments/policies/iscp-31032015,files_circulars_iscp-ex_ISCP_31032015.pdf,הטמעת שינויים,https://www.gov.il/BlobFolder/policy/iscp-31032015/he/files_circulars_iscp-ex_ISCP_31032015.pdf,
131,REG08_2012,"נוהל להגשת בקשות לרישום, שינוי וחידוש תכשירים רפואיים",2015-01-31T22:00:00Z,https://www.gov.il/he/Departments/policies/reg08-2012,files_circulars_reg_Reg08_2012.pdf,"נוהל להגשת בקשות לרישום, שינוי וחידוש תכשירים רפואיים",https://www.gov.il/BlobFolder/policy/reg08-2012/he/files_circulars_reg_Reg08_2012.pdf,
132,dr_18012015,הנחיות להכנת תרחיף Tamiflu Oseltamivir בהעדר תכשיר מסחרי בצורת סוספנסיה,2015-01-17T22:00:00Z,https://www.gov.il/he/Departments/policies/dr-18012015,files_circulars_dr_dr_18012015.pdf,הנחיות להכנת תרחיף Tamiflu -Oseltamivir בהעדר תכשיר מסחרי בצורת סוספנסיה,https://www.gov.il/BlobFolder/policy/dr-18012015/he/files_circulars_dr_dr_18012015.pdf,
133,ISCP_15012015,בדיקות איכות Post Marketing לתכשירים רפואיים רשומים,2015-01-14T22:00:00Z,https://www.gov.il/he/Departments/policies/iscp-15012015,files_circulars_iscp-ex_ISCP_15012015.pdf,בדיקות איכות Post Marketing לתכשירים רפואיים רשומים,https://www.gov.il/BlobFolder/policy/iscp-15012015/he/files_circulars_iscp-ex_ISCP_15012015.pdf,
134,137,"כללים לשיפור שימוש מושכל והיענות לטיפול התרופתי במטופלים שנרשמו עבורם תכשירי מרשם, באמצעות מידע שאינו מסחרי",2015-01-04T22:00:00Z,https://www.gov.il/he/Departments/policies/dr-137,files_circulars_dr_DR_137.pdf,"כללים לשיפור שימוש מושכל והיענות לטיפול התרופתי במטופלים שנרשמו עבורם תכשירי מרשם, באמצעות מידע שאינו מסחרי",https://www.gov.il/BlobFolder/policy/dr-137/he/files_circulars_dr_DR_137.pdf,
135,ISCP_04122014,"רשימת ליקויים נפוצים שגרמו לאי קבלת תיקים ביום הקבלה ע""י מחלקת הערכת תיקים כימיה",2014-12-03T22:00:00Z,https://www.gov.il/he/Departments/policies/iscp-04122014,files_circulars_iscp-ex_ISCP_04122014.pdf,"רשימת ליקויים נפוצים שגרמו לאי קבלת תיקים ביום הקבלה ע""י מחלקת הערכת תיקים כימיה",https://www.gov.il/BlobFolder/policy/iscp-04122014/he/files_circulars_iscp-ex_ISCP_04122014.pdf,
136,129,"נוהל 129 - אבטחת איכות ייבוא מוסדי ופרטני של תכשירים על-פי תקנה 29לתקנות הרוקחים (תכשירים) התשמ""ו 1986",2014-11-15T22:00:00Z,https://www.gov.il/he/Departments/policies/dr-129,files_circulars_dr_DR_129.pdf,"נוהל 129 - אבטחת איכות ייבוא מוסדי ופרטני של תכשירים על-פי תקנה 29לתקנות הרוקחים (תכשירים) התשמ""ו 1986",https://www.gov.il/BlobFolder/policy/dr-129/he/files_circulars_dr_DR_129.pdf,
137,ISCP_05112014,קביעת חיי מדף לאחר פתיחה,2014-11-04T22:00:00Z,https://www.gov.il/he/Departments/policies/iscp-05112014,files_circulars_iscp-ex_ISCP_05112014.pdf,קביעת חיי מדף לאחר פתיחה,https://www.gov.il/BlobFolder/policy/iscp-05112014/he/files_circulars_iscp-ex_ISCP_05112014.pdf,
138,DR_6A,שאלות ותשובות בנושא דיווחי תופעות לוואי ומידע בטיחות חדש,2014-10-20T21:00:00Z,https://www.gov.il/he/Departments/policies/dr-6a,,,,
139,DR 6E,SOP 6 - Reporting adverse events and new safety information (Update 3),2014-10-20T21:00:00Z,https://www.gov.il/he/Departments/policies/dr-6e,files_circulars_dr_DR_6E.pdf,SOP 6 - Reporting adverse events and new safety information (Update 3),https://www.gov.il/BlobFolder/policy/dr-6e/he/files_circulars_dr_DR_6E.pdf,
140,DR_10,נוהל מוצרים הומאופתיים,2014-07-31T21:00:00Z,https://www.gov.il/he/Departments/policies/dr-10,files_circulars_dr_DR_10.pdf,נוהל מוצרים הומאופתיים,https://www.gov.il/BlobFolder/policy/dr-10/he/files_circulars_dr_DR_10.pdf,
141,131,פרטיות המטופל בבית מרקחת וחדר תרופות,2014-07-14T21:00:00Z,https://www.gov.il/he/Departments/policies/dr-131,files_circulars_dr_DR_131.pdf,פרטיות המטופל בבית מרקחת וחדר תרופות,https://www.gov.il/BlobFolder/policy/dr-131/he/files_circulars_dr_DR_131.pdf,
142,Apr-14,מתן גמול מיוחד לרוקח עבור מכירת תכשירי OTC,2014-06-30T21:00:00Z,https://www.gov.il/he/Departments/policies/sbn04-2014,files_circulars_sbn_SBN04_2014.pdf,מתן גמול מיוחד לרוקח עבור מכירת תכשירי OTC,https://www.gov.il/BlobFolder/policy/sbn04-2014/he/files_circulars_sbn_SBN04_2014.pdf,
143,128,שירותי הובלה ומסירת תכשירים מבית מרקחת באמצעות מכירה מקוונת או שליח,2014-03-31T21:00:00Z,https://www.gov.il/he/Departments/policies/dr-128,files_circulars_dr_DR_128.pdf,שירותי הובלה ומסירת תכשירים מבית מרקחת באמצעות מכירה מקוונת או שליח,https://www.gov.il/BlobFolder/policy/dr-128/he/files_circulars_dr_DR_128.pdf,
143,128,שירותי הובלה ומסירת תכשירים מבית מרקחת באמצעות מכירה מקוונת או שליח,2014-03-31T21:00:00Z,https://www.gov.il/he/Departments/policies/dr-128,files_circulars_dr_dr-128-n1.docx,נספח 1 לנוהל 128 - טופס בקשה להפעלת שירותי מכירה מקוונת ו/או שילוח של תכשירים מבית מרקחת,https://www.gov.il/BlobFolder/policy/dr-128/he/files_circulars_dr_dr-128-n1.docx,
144,127,מדיניות תנאי רישום ושימוש בתכשירי ביו-סימילאר - Bio-Similar,2014-03-31T21:00:00Z,https://www.gov.il/he/Departments/policies/dr-127,files_circulars_dr_dr_127.pdf,תנאי רישום של תכשירי ביוסימילאר – Biosimilar,https://www.gov.il/BlobFolder/policy/dr-127/he/files_circulars_dr_dr_127.pdf,
145,120,רישום תכשירים ותיקים,2014-03-31T21:00:00Z,https://www.gov.il/he/Departments/policies/dr-120,files_circulars_dr_DR_120.pdf,רישום תכשירים ותיקים,https://www.gov.il/BlobFolder/policy/dr-120/he/files_circulars_dr_DR_120.pdf,
146,118,הודעה על שינוי אריזה ותיווי של תכשיר משווק,2014-01-31T22:00:00Z,https://www.gov.il/he/Departments/policies/dr-118,files_circulars_dr_DR_118.pdf,הודעה על שינוי אריזה ותיווי של תכשיר משווק,https://www.gov.il/BlobFolder/policy/dr-118/he/files_circulars_dr_DR_118.pdf,
147,9,בדיקת אצווה ראשונה של תכשיר רפואי,2014-01-31T22:00:00Z,https://www.gov.il/he/Departments/policies/dr-9,files_circulars_dr_DR_9.pdf,בדיקת אצווה ראשונה של תכשיר רפואי,https://www.gov.il/BlobFolder/policy/dr-9/he/files_circulars_dr_DR_9.pdf,
148,46,"נוהל הגשת בקשות לרישום – נספח 3 (עדכון) , הדרישות לרישום תכשירים גנריים לסוגיהם",2013-12-31T22:00:00Z,https://www.gov.il/he/Departments/policies/dr-46,files_circulars_dr_DR_46.pdf,"נוהל הגשת בקשות לרישום – נספח 3 (עדכון) , הדרישות לרישום תכשירים גנריים לסוגיהם",https://www.gov.il/BlobFolder/policy/dr-46/he/files_circulars_dr_DR_46.pdf,
149,126,תנאי אחסון והובלה של תכשירים,2013-12-31T22:00:00Z,https://www.gov.il/he/Departments/policies/dr-126,files_circulars_dr_dr_126.pdf,תנאי אחסון והובלה של תכשירים,https://www.gov.il/BlobFolder/policy/dr-126/he/files_circulars_dr_dr_126.pdf,
150,ISCP_29122013,Questions & Answers Pertaining to Procedure EX-012/01 for the Manufacture,2013-12-28T22:00:00Z,https://www.gov.il/he/Departments/policies/iscp-29122013,files_circulars_iscp-ex_ISCP_29122013.pdf,Questions & Answers Pertaining to Procedure EX-012/01 for the Manufacture,https://www.gov.il/BlobFolder/policy/iscp-29122013/he/files_circulars_iscp-ex_ISCP_29122013.pdf,
151,GQM-048/01,נוהל קשרי לקוחות,2013-12-25T22:00:00Z,https://www.gov.il/he/Departments/policies/gqm048-01-08,files_circulars_iscp-ex_GQM048_01_08.pdf,נוהל קשרי לקוחות,https://www.gov.il/BlobFolder/policy/gqm048-01-08/he/files_circulars_iscp-ex_GQM048_01_08.pdf,
152,DR_65620813,תוספי תזונה בבית מרקחת או חדרי תרופות,2013-11-17T22:00:00Z,https://www.gov.il/he/Departments/policies/dr-65620813,files_circulars_dr_DR_65620813.pdf,תוספי תזונה בבית מרקחת או חדרי תרופות,https://www.gov.il/BlobFolder/policy/dr-65620813/he/files_circulars_dr_DR_65620813.pdf,
153,ISCP_20102013_1,Authorised Person – Pedigree Document,2013-10-19T21:00:00Z,https://www.gov.il/he/Departments/policies/iscp-20102013-1,files_circulars_iscp-ex_ISCP_20102013_1.pdf,Authorised Person – Pedigree Document,https://www.gov.il/BlobFolder/policy/iscp-20102013-1/he/files_circulars_iscp-ex_ISCP_20102013_1.pdf,
154,ISCP_20102013_2,Authorised Person - Statement of Release,2013-10-19T21:00:00Z,https://www.gov.il/he/Departments/policies/iscp-20102013-2,files_circulars_iscp-ex_ISCP_20102013_2.pdf,Authorised Person - Statement of Release,https://www.gov.il/BlobFolder/policy/iscp-20102013-2/he/files_circulars_iscp-ex_ISCP_20102013_2.pdf,
155,REG_06102013,נתונים סטטיסטיים של רישום תכשירים רפואיים לתקופה ינואר-יוני 2013,2013-10-05T21:00:00Z,https://www.gov.il/he/Departments/policies/reg-06102013,files_circulars_reg_reg_06102013.pdf,נתונים סטטיסטיים של רישום תכשירים רפואיים לתקופה ינואר-יוני 2013,https://www.gov.il/BlobFolder/policy/reg-06102013/he/files_circulars_reg_reg_06102013.pdf,
156,6,נוהל דיווח תופעות לוואי ומידע בטיחות חדש,2013-09-30T21:00:00Z,https://www.gov.il/he/Departments/policies/dr-06,files_circulars_dr_DR_06.pdf,נוהל דיווח תופעות לוואי ומידע בטיחות חדש - לא בתוקף,https://www.gov.il/BlobFolder/policy/dr-06/he/files_circulars_dr_DR_06.pdf,
156,6,נוהל דיווח תופעות לוואי ומידע בטיחות חדש,2013-09-30T21:00:00Z,https://www.gov.il/he/Departments/policies/dr-06,files_circulars_dr_dr-06-adr_table_a.pdf,טבלת עזר לדיווח של חברות התרופות למחלקה לניהול סיכונים ומידע תרופתי - לא בתוקף,https://www.gov.il/BlobFolder/policy/dr-06/he/files_circulars_dr_dr-06-adr_table_a.pdf,
156,6,נוהל דיווח תופעות לוואי ומידע בטיחות חדש,2013-09-30T21:00:00Z,https://www.gov.il/he/Departments/policies/dr-06,files_circulars_dr_DR_06-01042026.pdf,נוהל 6 - עדכון 4 (בתוקף מתאריך 01.04.2026),https://www.gov.il/BlobFolder/policy/dr-06/he/files_circulars_dr_DR_06-01042026.pdf,
156,6,נוהל דיווח תופעות לוואי ומידע בטיחות חדש,2013-09-30T21:00:00Z,https://www.gov.il/he/Departments/policies/dr-06,files_circulars_dr_DR6-tables-01042026.pdf,נוהל 6 - עדכון 4 - טבלת עזר (בתוקף מתאריך 01.04.2026),https://www.gov.il/BlobFolder/policy/dr-06/he/files_circulars_dr_DR6-tables-01042026.pdf,
156,6,נוהל דיווח תופעות לוואי ומידע בטיחות חדש,2013-09-30T21:00:00Z,https://www.gov.il/he/Departments/policies/dr-06,files_circulars_dr_DR6-n1-01042026.docx,"נוהל 6 - עדכון 4, נספח 1  - הצהרה לדו""ח בטיחות תקופתי",https://www.gov.il/BlobFolder/policy/dr-06/he/files_circulars_dr_DR6-n1-01042026.docx,
156,6,נוהל דיווח תופעות לוואי ומידע בטיחות חדש,2013-09-30T21:00:00Z,https://www.gov.il/he/Departments/policies/dr-06,files_circulars_dr_DR6-n2-01042026.docx,"נוהל 6 - עדכון 4, נספח 2  - בקשה לאישור מינוי אחראי/ת מעקב תרופתי (QPPV)",https://www.gov.il/BlobFolder/policy/dr-06/he/files_circulars_dr_DR6-n2-01042026.docx,
156,6,נוהל דיווח תופעות לוואי ומידע בטיחות חדש,2013-09-30T21:00:00Z,https://www.gov.il/he/Departments/policies/dr-06,files_circulars_dr_DR6-n4-01042026.docx,"נוהל 6 - עדכון 4, נספח 4 - בקשה לפטור מהגשת דוח בטיחות תקופתי (PSUR)",https://www.gov.il/BlobFolder/policy/dr-06/he/files_circulars_dr_DR6-n4-01042026.docx,
156,6,נוהל דיווח תופעות לוואי ומידע בטיחות חדש,2013-09-30T21:00:00Z,https://www.gov.il/he/Departments/policies/dr-06,files_circulars_dr_DR6-n5-01042026.docx,"נוהל 6 - עדכון 4, נספח 5 - הצהרה שנתית לתכשירים וטרינריים",https://www.gov.il/BlobFolder/policy/dr-06/he/files_circulars_dr_DR6-n5-01042026.docx,
156,6,נוהל דיווח תופעות לוואי ומידע בטיחות חדש,2013-09-30T21:00:00Z,https://www.gov.il/he/Departments/policies/dr-06,files_circulars_dr_DR6-n6-01042026.docx,"נוהל 6 - עדכון 4, נספח 6 - תבנית להגשת סיגנלים למחלקה לניהול סיכונים",https://www.gov.il/BlobFolder/policy/dr-06/he/files_circulars_dr_DR6-n6-01042026.docx,
157,113,ייעוץ רוקחי יזום ומידע תרופתי על-ידי רוקח,2013-09-30T21:00:00Z,https://www.gov.il/he/Departments/policies/dr-113,files_circulars_dr_DR_113.pdf,ייעוץ רוקחי יזום ומידע תרופתי על-ידי רוקח,https://www.gov.il/BlobFolder/policy/dr-113/he/files_circulars_dr_DR_113.pdf,
158,114,הכרזה דחופה על חומרים אסורים בהפצה,2013-07-31T21:00:00Z,https://www.gov.il/he/Departments/policies/dr-114,files_circulars_dr_DR_114.pdf,הכרזה דחופה על חומרים אסורים בהפצה,https://www.gov.il/BlobFolder/policy/dr-114/he/files_circulars_dr_DR_114.pdf,
159,ISCP_29072013,עדכון הסדרי תשלום,2013-07-28T21:00:00Z,https://www.gov.il/he/Departments/policies/iscp-29072013,files_circulars_iscp-ex_ISCP_29072013.pdf,עדכון הסדרי תשלום,https://www.gov.il/BlobFolder/policy/iscp-29072013/he/files_circulars_iscp-ex_ISCP_29072013.pdf,
160,112,תשאול והדרכה רוקחית בעת ניפוק תרופות בבית מרקחת וחדר תרופות בקהילה,2013-06-30T21:00:00Z,https://www.gov.il/he/Departments/policies/dr-112,files_circulars_dr_DR_112.pdf,תשאול והדרכה רוקחית בעת ניפוק תרופות בבית מרקחת וחדר תרופות בקהילה,https://www.gov.il/BlobFolder/policy/dr-112/he/files_circulars_dr_DR_112.pdf,
161,107,מרשמים אלקטרוניים וחתימה אלקטרונית בקופת החולים ובמוסד רפואי,2013-06-30T21:00:00Z,https://www.gov.il/he/Departments/policies/dr-107,files_circulars_dr_DR_107.pdf,מרשמים אלקטרוניים וחתימה אלקטרונית בקופת החולים ובמוסד רפואי,https://www.gov.il/BlobFolder/policy/dr-107/he/files_circulars_dr_DR_107.pdf,
162,111,תנאים לפינת מיהול בחדרי תרופות,2013-06-30T21:00:00Z,https://www.gov.il/he/Departments/policies/dr-111,files_circulars_dr_DR_111.pdf,תנאים לפינת מיהול בחדרי תרופות,https://www.gov.il/BlobFolder/policy/dr-111/he/files_circulars_dr_DR_111.pdf,
163,64,רכש סם מסוכן והחזקתו לשימוש בניידת אמבונלס לטיפול נמרץ,2013-05-31T21:00:00Z,https://www.gov.il/he/Departments/policies/dr-64,files_circulars_dr_DR_64.pdf,רכש סם מסוכן  והחזקתו  לשימוש בניידת/אמבונלס לטיפול נמרץ,https://www.gov.il/BlobFolder/policy/dr-64/he/files_circulars_dr_DR_64.pdf,
164,108,"תיקון פקודת הרוקחים (מס' 20) (תיקון מס' 2 - הוראת שעה), התשע""ג 2013",2013-04-30T21:00:00Z,https://www.gov.il/he/Departments/policies/dr-108,files_circulars_dr_DR_108.pdf,"תיקון פקודת הרוקחים (מס' 20) (תיקון מס' 2 - הוראת שעה), התשע""ג 2013",https://www.gov.il/BlobFolder/policy/dr-108/he/files_circulars_dr_DR_108.pdf,
165,109,הנחיות  לניפוק והדרכת  מטופלים של התרופה Methotrexate בבתי-מרקחת,2013-04-30T21:00:00Z,https://www.gov.il/he/Departments/policies/dr-109,files_regulation_dr_109.pdf,הנחיות לניפוק והדרכת  מטופלים של התרופה Methotrexate בבתי-מרקחת,https://www.gov.il/BlobFolder/policy/dr-109/he/files_regulation_dr_109.pdf,
166,EX-012,ייצור ויבוא תכשירים ניסיוניים במדינת ישראל,2013-04-13T21:00:00Z,https://www.gov.il/he/Departments/policies/ex-012,files_circulars_iscp-ex_EX-012.pdf,ייצור ויבוא תכשירים ניסיוניים במדינת ישראל,https://www.gov.il/BlobFolder/policy/ex-012/he/files_circulars_iscp-ex_EX-012.pdf,
167,,"נוהל להגשת בקשה להכללת טכנונולוגיה רפואית בסל שירותי הבריאות (לפי חוק ביטוח בריאות ממלכתי, התשנ""ד – 1994)",2012-12-31T22:00:00Z,https://www.gov.il/he/Departments/policies/dr-01012013-1,files_circulars_dr_DR_01012013_1.doc,"נוהל להגשת בקשה להכללת טכנולוגיה רפואית בסל שירותי הבריאות (לפי חוק ביטוח בריאות ממלכתי, התשנ""ד – 1994)",https://www.gov.il/BlobFolder/policy/dr-01012013-1/he/files_circulars_dr_DR_01012013_1.doc,
168,53 גרסה 10,"נוהל להגשת בקשה להכללת תכשיר רפואי בסל שירותי הבריאות (לפי חוק ביטוח בריאות ממלכתי, התשנ""ד – 1994)",2012-12-31T22:00:00Z,https://www.gov.il/he/Departments/policies/dr-53-10,files_circulars_dr_DR_53_10.doc,"נוהל להגשת בקשה להכללת תכשיר רפואי בסל שירותי הבריאות (לפי חוק ביטוח בריאות ממלכתי, התשנ""ד – 1994)",https://www.gov.il/BlobFolder/policy/dr-53-10/he/files_circulars_dr_DR_53_10.doc,
169,DR104,נוהל 104 - עדכון 3 - דיווח על כוונה להפסיק שיווק / כוונה שלא לחדש רישום תכשיר רפואי,2012-10-31T22:00:00Z,https://www.gov.il/he/pages/dr-104,files_circulars_dr_dr_104.pdf,נוהל 104 - עדכון 3  - דיווח על כוונה להפסיק שיווק / כוונה שלא לחדש רישום תכשיר רפואי,https://www.gov.il/BlobFolder/policy/dr-104/he/files_circulars_dr_dr_104.pdf,also listed as site entries #170
169,DR104,נוהל 104 - עדכון 3 - דיווח על כוונה להפסיק שיווק / כוונה שלא לחדש רישום תכשיר רפואי,2012-10-31T22:00:00Z,https://www.gov.il/he/pages/dr-104,files_circulars_dr_dr_104a.xlsx,"טבלת אקסל לדיווח הנתונים - נספח 3 מתוך נוהל 104, עדכון 3-851591422",https://www.gov.il/BlobFolder/policy/dr-104/he/files_circulars_dr_dr_104a.xlsx,also listed as site entries #170
171,REG09_2012,איחוד רישום של תכשירים כימיים ממסלולי רישום שונים לתעודת רישום אחת,2012-09-03T21:00:00Z,https://www.gov.il/he/Departments/policies/reg09-2012,files_circulars_reg_REG09_2012.pdf,איחוד רישום של תכשירים כימיים ממסלולי רישום שונים לתעודת רישום אחת,https://www.gov.il/BlobFolder/policy/reg09-2012/he/files_circulars_reg_REG09_2012.pdf,
172,EX004-04,"נוהל אישור אצווה לשיווק ע""י היבואן",2012-07-18T21:00:00Z,https://www.gov.il/he/Departments/policies/ex004-04,files_circulars_iscp-ex_EX004_04.pdf,"נוהל אישור אצווה לשיווק ע""י היבואן",https://www.gov.il/BlobFolder/policy/ex004-04/he/files_circulars_iscp-ex_EX004_04.pdf,
173,EX_16072012,Compilation of Procedures on Inspections and Exchange of Information,2012-07-15T21:00:00Z,https://www.gov.il/he/Departments/policies/ex-16072012,files_circulars_iscp-ex_EX_16072012.pdf,Compilation of Procedures on Inspections and Exchange of Information,https://www.gov.il/BlobFolder/policy/ex-16072012/he/files_circulars_iscp-ex_EX_16072012.pdf,
174,REG07_2012,נתונים סטטיסטיים של רישום תכשירים רפואיים לתקופה ינואר-יוני 2012,2012-07-07T21:00:00Z,https://www.gov.il/he/Departments/policies/reg07-2012,files_circulars_reg_REG07_2012.pdf,נתונים סטטיסטיים של רישום תכשירים רפואיים לתקופה ינואר-יוני 2012,https://www.gov.il/BlobFolder/policy/reg07-2012/he/files_circulars_reg_REG07_2012.pdf,
175,32,נוהל לסימון אריזות לתכשיר רפואי,2012-06-30T21:00:00Z,https://www.gov.il/he/Departments/policies/dr-43,files_circulars_dr_dr_43.pdf,הנחיות לסימון אריזות של תכשירים,https://www.gov.il/BlobFolder/policy/dr-43/he/files_circulars_dr_dr_43.pdf,
176,100,נוהל הסבת מעבדה בבית מרקחת לצרכים נוספים,2012-06-30T21:00:00Z,https://www.gov.il/he/Departments/policies/dr-100,files_circulars_dr_dr_100.pdf,נוהל הסבת מעבדה בבית מרקחת לצרכים נוספים,https://www.gov.il/BlobFolder/policy/dr-100/he/files_circulars_dr_dr_100.pdf,
177,REG_05/2012,פורמט עדכני לעלון לצרכן,2012-05-12T21:00:00Z,https://www.gov.il/he/Departments/policies/reg05-2012,files_circulars_reg_Reg05_2012.pdf,פורמט עדכני לעלון לצרכן,https://www.gov.il/BlobFolder/policy/reg05-2012/he/files_circulars_reg_Reg05_2012.pdf,
178,33,נוהל 33 - ייבוא ושיווק תרופות וחומרים פרמצבטיים,2012-03-04T22:00:00Z,https://www.gov.il/he/Departments/policies/dr-33,files_circulars_dr_DR_33.pdf,נוהל 33 - ייבוא ושיווק תרופות וחומרים פרמצבטיים,https://www.gov.il/BlobFolder/policy/dr-33/he/files_circulars_dr_DR_33.pdf,
178,33,נוהל 33 - ייבוא ושיווק תרופות וחומרים פרמצבטיים,2012-03-04T22:00:00Z,https://www.gov.il/he/Departments/policies/dr-33,files_circulars_dr_33-1.pdf,נפסח 1,https://www.gov.il/BlobFolder/policy/dr-33/he/files_circulars_dr_33-1.pdf,
178,33,נוהל 33 - ייבוא ושיווק תרופות וחומרים פרמצבטיים,2012-03-04T22:00:00Z,https://www.gov.il/he/Departments/policies/dr-33,files_circulars_dr_33-2-1.docx,הצהרת רוקח לתכשיר רשום,https://www.gov.il/BlobFolder/policy/dr-33/he/files_circulars_dr_33-2-1.docx,
178,33,נוהל 33 - ייבוא ושיווק תרופות וחומרים פרמצבטיים,2012-03-04T22:00:00Z,https://www.gov.il/he/Departments/policies/dr-33,files_circulars_dr_33-2-2.docx,הצהרת רוקח לחומרי גלם פרמצבטיים,https://www.gov.il/BlobFolder/policy/dr-33/he/files_circulars_dr_33-2-2.docx,
178,33,נוהל 33 - ייבוא ושיווק תרופות וחומרים פרמצבטיים,2012-03-04T22:00:00Z,https://www.gov.il/he/Departments/policies/dr-33,files_circulars_dr_33-2-3.docx,הצהרת רוקח לייבוא הומאופתי רשום,https://www.gov.il/BlobFolder/policy/dr-33/he/files_circulars_dr_33-2-3.docx,
178,33,נוהל 33 - ייבוא ושיווק תרופות וחומרים פרמצבטיים,2012-03-04T22:00:00Z,https://www.gov.il/he/Departments/policies/dr-33,files_circulars_dr_33-2-4.docx,הצהרת רוקח לייבוא הומאופתי לא רשום,https://www.gov.il/BlobFolder/policy/dr-33/he/files_circulars_dr_33-2-4.docx,
178,33,נוהל 33 - ייבוא ושיווק תרופות וחומרים פרמצבטיים,2012-03-04T22:00:00Z,https://www.gov.il/he/Departments/policies/dr-33,files_circulars_dr_33-2-5.docx,הצהרת יבואן לטובין למחקר,https://www.gov.il/BlobFolder/policy/dr-33/he/files_circulars_dr_33-2-5.docx,
178,33,נוהל 33 - ייבוא ושיווק תרופות וחומרים פרמצבטיים,2012-03-04T22:00:00Z,https://www.gov.il/he/Departments/policies/dr-33,files_circulars_dr_33-2-6.docx,הצהרת יבואן לניסויים בבעלי חיים,https://www.gov.il/BlobFolder/policy/dr-33/he/files_circulars_dr_33-2-6.docx,
178,33,נוהל 33 - ייבוא ושיווק תרופות וחומרים פרמצבטיים,2012-03-04T22:00:00Z,https://www.gov.il/he/Departments/policies/dr-33,files_circulars_dr_33-2-7.docx,הצהרת רוקח לניסוי קליני,https://www.gov.il/BlobFolder/policy/dr-33/he/files_circulars_dr_33-2-7.docx,
179,49,הפצת עלונים לרופא/לצרכן ומידע מיוחד לתכשירים,2012-02-29T22:00:00Z,https://www.gov.il/he/Departments/policies/dr-49,files_circulars_dr_dr_49.pdf,הפצת עלונים לרופא/לצרכן ומידע מיוחד לתכשירים,https://www.gov.il/BlobFolder/policy/dr-49/he/files_circulars_dr_dr_49.pdf,
180,94,מגוון המוצרים המותרים לשיווק בבית-מרקחת,2012-01-24T22:00:00Z,https://www.gov.il/he/Departments/policies/dr-94,files_circulars_dr_DR_94.pdf,מגוון המוצרים המותרים לשיווק בבית-מרקחת,https://www.gov.il/BlobFolder/policy/dr-94/he/files_circulars_dr_DR_94.pdf,
181,ISCP_21062012,תיק מעבדה,2012-01-20T22:00:00Z,https://www.gov.il/he/Departments/policies/iscp-21062012,files_circulars_iscp-ex_ISCP_21062012.pdf,תיק מעבדה,https://www.gov.il/BlobFolder/policy/iscp-21062012/he/files_circulars_iscp-ex_ISCP_21062012.pdf,
182,ISCP_13012010,"הגשת דוגמאות של תכשירים וחומרי ייחוס המוגדרים כ""סמים""",2012-01-12T22:00:00Z,https://www.gov.il/he/Departments/policies/iscp-13012010,files_circulars_iscp-ex_ISCP_13012010.pdf,"הגשת דוגמאות של תכשירים וחומרי ייחוס המוגדרים כ""סמים""",https://www.gov.il/BlobFolder/policy/iscp-13012010/he/files_circulars_iscp-ex_ISCP_13012010.pdf,
183,53,נוהל להגשת בקשה להכללת תכשיר רפואי בסל שירותי הבריאות,2011-12-31T22:00:00Z,https://www.gov.il/he/Departments/policies/papd-53,files_circulars_PAPD_53.pdf,נוהל להגשת בקשה להכללת תכשיר רפואי בסל שירותי הבריאות,https://www.gov.il/BlobFolder/policy/papd-53/he/files_circulars_PAPD_53.pdf,
184,36,נוהל לשינוי בעל רישום,2011-11-30T22:00:00Z,https://www.gov.il/he/Departments/policies/dr-36,files_circulars_dr_DR_36.pdf,נוהל לשינוי בעל רישום,https://www.gov.il/BlobFolder/policy/dr-36/he/files_circulars_dr_DR_36.pdf,
185,91,אישור אצווה של חומר גלם המיועד לבית מרקחת על-ידי בית מסחר לתרופות,2011-10-31T22:00:00Z,https://www.gov.il/he/Departments/policies/dr-91,files_circulars_dr_DR_91.pdf,אישור אצווה של חומר גלם המיועד לבית מרקחת על-ידי בית מסחר לתרופות,https://www.gov.il/BlobFolder/policy/dr-91/he/files_circulars_dr_DR_91.pdf,
186,84,העברת מידע וניהול משברים הקשורים לתכשיר,2011-09-30T21:00:00Z,https://www.gov.il/he/Departments/policies/dr-84,files_circulars_dr_DR_84.pdf,העברת מידע וניהול משברים הקשורים לתכשיר,https://www.gov.il/BlobFolder/policy/dr-84/he/files_circulars_dr_DR_84.pdf,
187,DR_17082011,בטיחות המטופל חובת ביצוע בקרת ניפוק תרופות,2011-08-16T21:00:00Z,https://www.gov.il/he/Departments/policies/dr-17082011,files_circulars_dr_DR_17082011.pdf,בטיחות המטופל חובת ביצוע בקרת ניפוק תרופות,https://www.gov.il/BlobFolder/policy/dr-17082011/he/files_circulars_dr_DR_17082011.pdf,
188,67,נוהל לאישור שמות לתכשירים רפואיים,2011-07-31T21:00:00Z,https://www.gov.il/he/Departments/policies/dr_67,files_circulars_dr_DR_67.pdf,נוהל לאישור שמות לתכשירים רפואיים,https://www.gov.il/BlobFolder/policy/dr_67/he/files_circulars_dr_DR_67.pdf,
189,REG_03/2011,"העברת הצעת עלונים לרופא/לצרכן בדוא""ל לרישום תכשיר חדש/תוספת התוויה",2011-03-12T22:00:00Z,https://www.gov.il/he/Departments/policies/reg03-2011,files_circulars_reg_REG03_2011.pdf,"העברת הצעת עלונים לרופא/לצרכן בדוא""ל לרישום תכשיר חדש/תוספת התוויה",https://www.gov.il/BlobFolder/policy/reg03-2011/he/files_circulars_reg_REG03_2011.pdf,
190,0111,הנחיות לנבחנים בבחינת הרישוי הממשלתית ברוקחות,2010-12-31T22:00:00Z,https://www.gov.il/he/Departments/policies/pharmacist-examinees-guidelines,files_circulars_pharmacist_examinees_guidelines.pdf,הנחיות לנבחנים בבחינת הרישוי הממשלתית  ברוקחות,https://www.gov.il/BlobFolder/policy/pharmacist-examinees-guidelines/he/files_circulars_pharmacist_examinees_guidelines.pdf,also listed as site entries #193
191,45,"נוהל  להגשת בקשות לרישום-נספח 2  (עידכון), נוהל לביצוע בדיקות זמינות ביולוגית השוואתית בבני-אדם (in-vivo)",2010-12-31T22:00:00Z,https://www.gov.il/he/Departments/policies/dr-45,files_circulars_dr_DR_45.pdf,"נוהל  להגשת בקשות לרישום - נספח 2  (עידכון), נוהל לביצוע בדיקות  זמינות ביולוגית השוואתית בבני-אדם (in-vivo)",https://www.gov.il/BlobFolder/policy/dr-45/he/files_circulars_dr_DR_45.pdf,
192,,הנחיות לנבחנים בבחינת הרישוי הממשלתית לעוזרי רוקחים,2010-12-31T22:00:00Z,https://www.gov.il/he/Departments/policies/assistant-pharmacist-examinees-guidelines,files_circulars_assistant_pharmacist_examinees_guidelines.pdf,הנחיות לנבחנים בבחינת הרישוי הממשלתית לעוזרי רוקחים,https://www.gov.il/BlobFolder/policy/assistant-pharmacist-examinees-guidelines/he/files_circulars_assistant_pharmacist_examinees_guidelines.pdf,
194,REG_04/2010,שינויים בעלונים ללא צורך באישור מוקדם,2010-08-17T21:00:00Z,https://www.gov.il/he/Departments/policies/reg04-2010,files_circulars_reg_REG04_2010.pdf,שינויים בעלונים ללא צורך באישור מוקדם,https://www.gov.il/BlobFolder/policy/reg04-2010/he/files_circulars_reg_REG04_2010.pdf,
195,REG_08/2010,הגבלת שיווק לתכשירים משלשלים,2010-07-31T21:00:00Z,https://www.gov.il/he/Departments/policies/reg08-2010,files_circulars_reg_REG08_2010.pdf,הגבלת שיווק לתכשירים משלשלים,https://www.gov.il/BlobFolder/policy/reg08-2010/he/files_circulars_reg_REG08_2010.pdf,
196,REG_06/2010,שינויים המוגשים רק למחלקה לרישום,2010-06-29T21:00:00Z,https://www.gov.il/he/Departments/policies/reg06-2010,files_circulars_reg_REG06_2010.pdf,שינויים המוגשים רק למחלקה לרישום,https://www.gov.il/BlobFolder/policy/reg06-2010/he/files_circulars_reg_REG06_2010.pdf,
197,REG_03/2010,עלונים לרופא/לצרכן  מאושרים למאגר התרופות  באתר האינטרנט של משרד הבריאות,2010-03-15T22:00:00Z,https://www.gov.il/he/Departments/policies/reg03-2010,files_circulars_reg_REG03_2010.pdf,עלונים לרופא/לצרכן  מאושרים למאגר התרופות  באתר האינטרנט של משרד הבריאות,https://www.gov.il/BlobFolder/policy/reg03-2010/he/files_circulars_reg_REG03_2010.pdf,
198,REG_02/2010,עלונים לרופא/לצרכן מאושרים למאגר התרופות באתר האינטרנט של משרד הבריאות,2010-02-15T22:00:00Z,https://www.gov.il/he/Departments/policies/reg02-2010,files_circulars_reg_REG02_2010.pdf,עלונים לרופא/לצרכן מאושרים למאגר התרופות באתר האינטרנט של משרד הבריאות,https://www.gov.il/BlobFolder/policy/reg02-2010/he/files_circulars_reg_REG02_2010.pdf,
199,REG_01/2010,מעבר לעידן הרשומה האלקטרונית,2010-01-16T22:00:00Z,https://www.gov.il/he/Departments/policies/reg01-2010,files_circulars_reg_REG01_2010.pdf,מעבר לעידן הרשומה האלקטרונית,https://www.gov.il/BlobFolder/policy/reg01-2010/he/files_circulars_reg_REG01_2010.pdf,
200,78,נוהל ניפוק תכשירים המכילים מרכיב פעיל בעל פוטנציאל לשימוש לרעה,2009-10-31T22:00:00Z,he/Departments/policies/dr-78/,files_circulars_dr_DR_78.pdf,נוהל ניפוק תכשירים המכילים מרכיב פעיל בעל פוטנציאל לשימוש לרעה,https://www.gov.il/BlobFolder/policy/dr-78/he/files_circulars_dr_DR_78.pdf,
201,15,סגירת תיק בקשה לרישום,2009-10-31T22:00:00Z,https://www.gov.il/he/Departments/policies/dr-15,files_circulars_dr_DR_15.pdf,סגירת תיק בקשה לרישום,https://www.gov.il/BlobFolder/policy/dr-15/he/files_circulars_dr_DR_15.pdf,
202,73,"השגה על החלטת המנהל על דחיית בקשה לרישום תכשיר בפנקס, או על החלטה לדחיית בקשה לתוספת התוויה, או על החלטה להטלת הגבלות על תכשיר ב",2009-10-31T22:00:00Z,https://www.gov.il/he/Departments/policies/dr-73,files_circulars_dr_DR_73.pdf,"השגה על החלטת המנהל על דחיית בקשה לרישום תכשיר בפנקס, או על החלטה לדחיית בקשה לתוספת התוויה, או על החלטה להטלת הגבלות על תכשיר ב",https://www.gov.il/BlobFolder/policy/dr-73/he/files_circulars_dr_DR_73.pdf,
203,REG_09/2009,תרופות נגד צינון ו/או תרופות נגד שיעול - במתן דרך הפה - הגבלות בתנאי שיווק,2009-09-15T21:00:00Z,https://www.gov.il/he/Departments/policies/reg09-2009,files_circulars_reg_REG09_2009.pdf,תרופות נגד צינון ו/או תרופות נגד שיעול - במתן דרך הפה - הגבלות בתנאי שיווק,https://www.gov.il/BlobFolder/policy/reg09-2009/he/files_circulars_reg_REG09_2009.pdf,
204,21,פעילות הוועדה  המייעצת הבינמישרדית לתכשירים ברפואה וטרינרית,2009-08-31T21:00:00Z,https://www.gov.il/he/Departments/policies/dr-21,files_circulars_dr_DR_21.pdf,פעילות הוועדה המייעצת הבינמישרדית לתכשירים ברפואה וטרינרית,https://www.gov.il/BlobFolder/policy/dr-21/he/files_circulars_dr_DR_21.pdf,
205,77,הגשת בקשה לרישיון תכשיר אישי להדברת מזיקים לאדם,2009-05-31T21:00:00Z,https://www.gov.il/he/pages/dr-77,files_regulation_drugs_dr-77.pdf,הגשת בקשה לרישיון תכשיר אישי להדברת מזיקים לאדם,https://www.gov.il/BlobFolder/policy/dr-77/he/files_regulation_drugs_dr-77.pdf,
206,REG_04/2009,הנחיות לעריכת בדיקת הלבנת עור (blanching) לתכשירי עור המכילים קורטיקוסטרואידים לצורך רישום תכשירים גנריים,2009-03-31T21:00:00Z,https://www.gov.il/he/Departments/policies/reg04-2009,files_circulars_reg_REG04_2009.pdf,הנחיות לעריכת בדיקת הלבנת עור (blanching) לתכשירי עור המכילים קורטיקוסטרואידים לצורך רישום תכשירים גנריים,https://www.gov.il/BlobFolder/policy/reg04-2009/he/files_circulars_reg_REG04_2009.pdf,
207,REG_03/2009,קבלת בקשות לרישום של תרופות ביולוגיות דומות (Bio Similar),2009-03-30T21:00:00Z,https://www.gov.il/he/Departments/policies/reg03-2009,files_circulars_reg_REG03_2009.pdf,קבלת בקשות  לרישום של תרופות  ביולוגיות דומות (Bio Similar),https://www.gov.il/BlobFolder/policy/reg03-2009/he/files_circulars_reg_REG03_2009.pdf,
208,66,נוהל שמירה על סודיות המידע בתיקי רישום,2008-11-30T22:00:00Z,https://www.gov.il/he/Departments/policies/dr-66,files_circulars_dr_DR_66.pdf,נוהל שמירה על סודיות המידע בתיקי רישום,https://www.gov.il/BlobFolder/policy/dr-66/he/files_circulars_dr_DR_66.pdf,
209,REG_04/2008,סימון גלוטן בתרופות,2008-04-07T21:00:00Z,https://www.gov.il/he/Departments/policies/reg04-2008,files_circulars_reg_REG04_2008.pdf,סימון גלוטן בתרופות,https://www.gov.il/BlobFolder/policy/reg04-2008/he/files_circulars_reg_REG04_2008.pdf,
210,REG03/2008-03,תכשירים לטיפול בכינים-03,2008-03-02T22:00:00Z,https://www.gov.il/he/Departments/policies/reg-03-2008-03,files_circulars_reg_REG03_2008.pdf,תכשירים לטיפול בכינים-03,https://www.gov.il/BlobFolder/policy/reg-03-2008-03/he/files_circulars_reg_REG03_2008.pdf,
211,tm_02032008,תכשירים לחיטוי העור,2008-03-01T22:00:00Z,https://www.gov.il/he/pages/tm-02032008,files_circulars_mr_mr09_2008.pdf,אמות מידה להסמכת שירות רפואי (שאינו קופת חולים) לצורך מתן שירותי רפואה תעסוקתית,https://www.gov.il/BlobFolder/policy/tm-02032008/he/files_circulars_mr_mr09_2008.pdf,
212,Tm_01032008,תכשירים לטיפול בכינים,2008-02-29T22:00:00Z,https://www.gov.il/he/Departments/policies/tm-01032008,files_circulars_tm_tm_01032008.pdf,תכשירים לטיפול בכינים,https://www.gov.il/BlobFolder/policy/tm-01032008/he/files_circulars_tm_tm_01032008.pdf,
213,50,רוקח ממונה,2008-02-29T22:00:00Z,https://www.gov.il/he/Departments/policies/dr-50,files_circulars_dr_DR_50.pdf,רוקח ממונה,https://www.gov.il/BlobFolder/policy/dr-50/he/files_circulars_dr_DR_50.pdf,
214,REG_04022008,סירופים נגד שיעול ותרופות נוזליות להקלה בהצטננות בתינוקות ובפעוטות מתחת לגיל שנתיים,2008-02-03T22:00:00Z,https://www.gov.il/he/pages/reg-4022008,files_circulars_reg_REG_04022008.pdf,סירופים נגד שיעול ותרופות נוזליות להקלה בהצטננות בתינוקות ובפעוטות מתחת לגיל שנתיים,https://www.gov.il/BlobFolder/policy/reg-4022008/he/files_circulars_reg_REG_04022008.pdf,
215,71,אריזות קשות-פתיחה לילדים לתכשירים רפואיים,2007-02-28T22:00:00Z,https://www.gov.il/he/Departments/policies/dr-71,files_circulars_dr_DR_71.pdf,אריזות קשות-פתיחה לילדים לתכשירים רפואיים,https://www.gov.il/BlobFolder/policy/dr-71/he/files_circulars_dr_DR_71.pdf,
216,REG_08112006,הגשת בקשות לדיון בוועדה לעדכון רשימת GSL,2006-11-07T22:00:00Z,https://www.gov.il/he/Departments/policies/reg-08112006,files_circulars_reg_REG_08112006.pdf,הגשת בקשות לדיון בוועדה לעדכון רשימת GSL,https://www.gov.il/BlobFolder/policy/reg-08112006/he/files_circulars_reg_REG_08112006.pdf,
217,REG_12/2005,עלון לצרכן – פירוט חומרים בלתי פעילים בתכשירי מרשם,2005-12-27T22:00:00Z,https://www.gov.il/he/departments/policies/reg12-2005,files_circulars_reg_REG12_2005.pdf,עלון לצרכן – פירוט חומרים בלתי פעילים בתכשירי מרשם,https://www.gov.il/BlobFolder/policy/reg12-2005/he/files_circulars_reg_REG12_2005.pdf,
218,47,"נוהל סיווג מוצר רפואי כתכשיר או כאמ""ר",2005-10-31T22:00:00Z,https://www.gov.il/he/pages/dr-47,files_circulars_dr_DR_47.pdf,"נוהל סיווג מוצר רפואי כתכשיר או כאמ""ר",https://www.gov.il/BlobFolder/policy/dr-47/he/files_circulars_dr_DR_47.pdf,also listed as site entries #232
219,60,נוהל לאישור אתרי ייצור בעת רישום שינוי וחידוש תכשירים הומניים,2005-09-30T21:00:00Z,https://www.gov.il/he/Departments/policies/dr-60,files_circulars_dr_DR_60.pdf,נוהל לאישור אתרי ייצור  בעת  רישום שינוי וחידוש תכשירים הומניים,https://www.gov.il/BlobFolder/policy/dr-60/he/files_circulars_dr_DR_60.pdf,
220,61,נוהל לאישור אתרי ייצור בעת רישום שינוי וחידוש תכשירים וטרינריים,2005-09-30T21:00:00Z,https://www.gov.il/he/Departments/policies/dr-61,files_circulars_dr_DR_61.pdf,נוהל לאישור אתרי ייצור בעת רישום שינוי וחידוש תכשירים וטרינריים,https://www.gov.il/BlobFolder/policy/dr-61/he/files_circulars_dr_DR_61.pdf,
221,58,בדיקת אצווה ראשונה של תכשיר ללא מרשם לשיווק כללי,2005-05-31T21:00:00Z,https://www.gov.il/he/Departments/policies/dr-58,files_circulars_dr_DR_58.pdf,בדיקת אצווה ראשונה של תכשיר ללא מרשם לשיווק כללי,https://www.gov.il/BlobFolder/policy/dr-58/he/files_circulars_dr_DR_58.pdf,
222,,פרסום של תכשירים רפואיים  על-פי תקנה 28,2005-04-30T21:00:00Z,https://www.gov.il/he/Departments/policies/dr-24,files_circulars_dr_DR_24.pdf,פרסום של תכשירים רפואיים  על-פי תקנה 28,https://www.gov.il/BlobFolder/policy/dr-24/he/files_circulars_dr_DR_24.pdf,
223,56,נוהל שיווק תכשירים בלא מרשם לשיווק כללי שלא בידי רוקח בבית מרקחת,2005-04-30T21:00:00Z,https://www.gov.il/he/Departments/policies/dr-56,files_circulars_dr_DR_56.pdf,נוהל שיווק תכשירים בלא מרשם לשיווק כללי שלא בידי רוקח בבית מרקחת,https://www.gov.il/BlobFolder/policy/dr-56/he/files_circulars_dr_DR_56.pdf,
224,57,שיווק תכשירים בלא מרשם לשיווק כללי מבית מסחר לתרופות,2005-04-30T21:00:00Z,https://www.gov.il/he/Departments/policies/dr-57,files_circulars_dr_DR_57.pdf,שיווק  תכשירים בלא מרשם לשיווק כללי מבית מסחר לתרופות,https://www.gov.il/BlobFolder/policy/dr-57/he/files_circulars_dr_DR_57.pdf,
225,59,עלון לרופא לתכשיר גנרי,2005-04-30T21:00:00Z,https://www.gov.il/he/pages/dr-59,files_circulars_dr_DR_59.pdf,עלון לרופא לתכשיר גנרי,https://www.gov.il/BlobFolder/policy/dr-59/he/files_circulars_dr_DR_59.pdf,
226,55,תדריך והנחיות למבקש אישור למכירת תכשירים בלא מרשם לשיווק כללי בעסק שאינו בית מרקחת,2005-01-31T22:00:00Z,https://www.gov.il/he/Departments/policies/dr-55,files_circulars_dr_DR_55.pdf,תדריך והנחיות למבקש אישור למכירת תכשירים בלא מרשם לשיווק כללי בעסק שאינו בית מרקחת,https://www.gov.il/BlobFolder/policy/dr-55/he/files_circulars_dr_DR_55.pdf,
227,REG_01/2005,גודל אותיות בעלונים לצרכן,2005-01-17T22:00:00Z,https://www.gov.il/he/Departments/policies/reg01-2005,files_circulars_reg_REG01_2005.pdf,גודל אותיות בעלונים לצרכן,https://www.gov.il/BlobFolder/policy/reg01-2005/he/files_circulars_reg_REG01_2005.pdf,
228,54,סימון אריזות לתכשירים בלא מרשם לשיווק כללי,2004-11-22T22:00:00Z,https://www.gov.il/he/Departments/policies/dr-54,files_circulars_dr_DR_54.pdf,סימון אריזות לתכשירים בלא מרשם לשיווק כללי,https://www.gov.il/BlobFolder/policy/dr-54/he/files_circulars_dr_DR_54.pdf,
229,reg_18032004,כלי מדידה לתכשירים רפואיים,2004-03-17T22:00:00Z,https://www.gov.il/he/Departments/policies/reg-18032004,files_circulars_reg_reg_18032004.pdf,כלי מדידה לתכשירים רפואיים,https://www.gov.il/BlobFolder/policy/reg-18032004/he/files_circulars_reg_reg_18032004.pdf,
230,35,נוהל לאישור ייבוא תכשיר תואם,2003-12-31T22:00:00Z,https://www.gov.il/he/Departments/policies/dr-35,files_circulars_dr_DR_35.pdf,נוהל לאישור ייבוא תכשיר תואם,https://www.gov.il/BlobFolder/policy/dr-35/he/files_circulars_dr_DR_35.pdf,
231,DR_39,אישור ליבוא שמן זרעי קנבוס,2003-07-20T21:00:00Z,https://www.gov.il/he/Departments/policies/dr-39,files_circulars_dr_DR_39.pdf,אישור ליבוא שמן זרעי קנבוס,https://www.gov.il/BlobFolder/policy/dr-39/he/files_circulars_dr_DR_39.pdf,
233,37,רשיון לתמרוק אשר קיים עבורו רישיון משרד הבריאות בארץ – תמרוק מקביל,2001-12-31T22:00:00Z,https://www.gov.il/he/pages/tm-37,files_circulars_tm_TM_37.pdf,רשיון לתמרוק אשר קיים עבורו רישיון משרד הבריאות בארץ –תמרוק מקביל,https://www.gov.il/BlobFolder/policy/tm-37/he/files_circulars_tm_TM_37.pdf,
234,40,נוהל ניפוק צמחי מרפא המוגבלים לשיווק בבתי-מרקחת בלבד,2001-10-31T22:00:00Z,https://www.gov.il/he/Departments/policies/dr-40,files_circulars_dr_DR_40.pdf,נוהל ניפוק צמחי מרפא המוגבלים לשיווק בבתי-מרקחת בלבד,https://www.gov.il/BlobFolder/policy/dr-40/he/files_circulars_dr_DR_40.pdf,
235,REG_05/1999,תכשירים נגד כינמת – דרישות להוכחת יעילות,1999-04-30T21:00:00Z,https://www.gov.il/he/Departments/policies/reg05-1999,files_circulars_reg_REG05_1999.pdf,תכשירים נגד כינמת – דרישות להוכחת יעילות,https://www.gov.il/BlobFolder/policy/reg05-1999/he/files_circulars_reg_REG05_1999.pdf,
236,13,נוהל לביטול רישום תכשיר רפואי,1998-12-31T22:00:00Z,https://www.gov.il/he/Departments/policies/dr-13,files_circulars_dr_DR_13.pdf,נוהל לביטול רישום תכשיר רפואי,https://www.gov.il/BlobFolder/policy/dr-13/he/files_circulars_dr_DR_13.pdf,
236,13,נוהל לביטול רישום תכשיר רפואי,1998-12-31T22:00:00Z,https://www.gov.il/he/Departments/policies/dr-13,files_circulars_dr_DR_13a.pdf,דוח RIA לנוהל ביטול רישום תכשיר רפואי,https://www.gov.il/BlobFolder/policy/dr-13/he/files_circulars_dr_DR_13a.pdf,
237,,"צו הפיקוח על מצרכים ושירותים (תמרוקים), התשל""ג-1973",1973-01-27T22:00:00Z,https://www.gov.il/he/pages/klali18,500_186.doc,,https://www.nevo.co.il/law_word/law01/500_186.doc,source: body
238,,,,,,,,
239,41928216,הגשה לרישום של תכשירים שנרשמו באחת ממדינות החברות באיחוד האירופי,,https://www.gov.il/he/Departments/General/41928216,files_circulars_41928216EURO.pdf,רישום של תכשירים שנרשמו באחת ממדינות החברות באיחוד האירופי,https://www.gov.il/BlobFolder/generalpage/41928216/he/files_circulars_41928216EURO.pdf,
240,ISCP_25012016,הנחיות בנושא רגולציה של מוצרים ותכשירים רפואיים מבוססי תאים ורקמות ותכשירים לריפוי גני (עדכון),,https://www.gov.il/he/Departments/policies/iscp-25012016,files_circulars_iscp-ex_ISCP_25012016.pdf,הנחיות בנושא רגולציה של מוצרים ותכשירים רפואיים מבוססי תאים ורקמות ותכשירים לריפוי גני (עדכון),https://www.gov.il/BlobFolder/policy/iscp-25012016/he/files_circulars_iscp-ex_ISCP_25012016.pdf,